species,replicate,individual,site,age,age_exact,date_tagged,mature,use_for_allocation_calculations,use_for_allometric_equations,use_for_fit,alive,reason
BAER,1,BAER_001,Basin2005,7,7,15-Mar-12,TRUE,TRUE,TRUE,TRUE,TRUE,
BAER,2,BAER_002,Basin2005,7,7,1-May-12,TRUE,TRUE,TRUE,TRUE,TRUE,
BAER,3,BAER_003,Basin2005,7,7,3-May-12,TRUE,TRUE,TRUE,TRUE,TRUE,
BAER,4,BAER_004,Basin2005,7,7,3-May-12,TRUE,TRUE,TRUE,TRUE,TRUE,
BAER,5,BAER_005,Basin2005,7,7,3-May-12,TRUE,TRUE,TRUE,TRUE,TRUE,
BAER,6,BAER_006,Basin2005,7,7,3-May-12,TRUE,TRUE,TRUE,TRUE,TRUE,
BAER,7,BAER_007,Basin2005,7,7,3-May-12,TRUE,TRUE,TRUE,TRUE,TRUE,
BAER,101,BAER_101,Waratah2011,1.4,1.4,3-May-12,FALSE,TRUE,TRUE,TRUE,TRUE,
BAER,102,BAER_102,Waratah2011,1.4,1.4,3-May-12,FALSE,TRUE,TRUE,TRUE,TRUE,
BAER,103,BAER_103,Waratah2011,1.4,1.4,3-May-12,FALSE,TRUE,TRUE,TRUE,TRUE,
BAER,104,BAER_104,Waratah2011,1.4,1.4,3-May-12,FALSE,TRUE,TRUE,TRUE,TRUE,
BAER,105,BAER_105,Waratah2011,1.4,1.4,4-May-12,FALSE,TRUE,TRUE,TRUE,TRUE,
BAER,106,BAER_106,Waratah2011,1.4,1.4,4-May-12,FALSE,TRUE,TRUE,TRUE,TRUE,
BAER,107,BAER_107,Waratah2011,1.4,1.4,4-May-12,FALSE,TRUE,TRUE,TRUE,TRUE,
BAER,151,BAER_151,Waratah2011,2.4,2.4,14-Jun-13,FALSE,TRUE,TRUE,TRUE,TRUE,
BAER,152,BAER_152,Waratah2011,2.4,2.4,14-Jun-13,FALSE,TRUE,TRUE,TRUE,TRUE,
BAER,153,BAER_153,Waratah2011,2.4,2.4,14-Jun-13,FALSE,TRUE,TRUE,TRUE,TRUE,
BAER,154,BAER_154,Waratah2011,2.4,2.4,14-Jun-13,FALSE,TRUE,TRUE,TRUE,TRUE,
BAER,155,BAER_155,Waratah2011,2.4,2.4,14-Jun-13,FALSE,TRUE,TRUE,TRUE,TRUE,
BAER,156,BAER_156,Waratah2011,2.4,2.4,14-Jun-13,FALSE,TRUE,TRUE,TRUE,TRUE,
BAER,157,BAER_157,Waratah2011,2.4,2.4,18-Jun-13,FALSE,TRUE,TRUE,TRUE,TRUE,
BAER,201,BAER_201,Bobbin2010,3,3,10-May-12,FALSE,FALSE,FALSE,FALSE,TRUE,
BAER,202,BAER_202,Bobbin2010,3,3,10-May-12,FALSE,FALSE,FALSE,FALSE,TRUE,
BAER,203,BAER_203,Bobbin2010,3,3,10-May-12,FALSE,FALSE,FALSE,FALSE,TRUE,
BAER,203b,BAER_203b,Bobbin2010,3,3,10-May-12,FALSE,FALSE,FALSE,FALSE,TRUE,
BAER,204,BAER_204,Bobbin2010,3,3,10-May-12,FALSE,FALSE,FALSE,FALSE,TRUE,
BAER,205,BAER_205,Bobbin2010,3,3,10-May-12,FALSE,FALSE,FALSE,FALSE,TRUE,
BAER,206,BAER_206,Bobbin2010,3,3,10-May-12,FALSE,FALSE,FALSE,FALSE,TRUE,
BAER,207,BAER_207,Bobbin2010,3,3,25-May-12,FALSE,FALSE,FALSE,FALSE,TRUE,
BAER,301,BAER_301,Wilunga2012,1.4,1.35,18-Jun-13,FALSE,TRUE,TRUE,TRUE,TRUE,
BAER,302,BAER_302,Wilunga2012,1.4,1.35,18-Jun-13,FALSE,TRUE,TRUE,TRUE,TRUE,
BAER,303,BAER_303,Wilunga2012,1.4,1.35,18-Jun-13,FALSE,TRUE,TRUE,TRUE,TRUE,
BAER,306,BAER_306,Wilunga2012,1.4,1.35,18-Jun-13,FALSE,TRUE,TRUE,TRUE,TRUE,
BAER,308,BAER_308,Wilunga2012,1.4,1.35,18-Jun-13,FALSE,TRUE,TRUE,TRUE,TRUE,
BAER,309,BAER_309,Wilunga2012,1.4,1.35,27-Jun-13,FALSE,TRUE,TRUE,TRUE,TRUE,
BAER,311,BAER_311,Wilunga2012,1.4,1.35,27-Jun-13,FALSE,TRUE,TRUE,TRUE,TRUE,
BAER,315,BAER_315,Wilunga2012,1.4,1.35,27-Jun-13,FALSE,TRUE,TRUE,TRUE,TRUE,
BAER,401,BAER_401,Basin2007,5,5,20-Apr-12,FALSE,TRUE,FALSE,FALSE,TRUE,
BAER,402,BAER_402,Basin2007,5,5,20-Apr-12,FALSE,TRUE,FALSE,FALSE,TRUE,
BAER,403,BAER_403,Basin2007,5,5,26-Apr-12,FALSE,TRUE,FALSE,FALSE,TRUE,
BAER,404,BAER_404,Basin2007,5,5,26-Apr-12,TRUE,TRUE,FALSE,FALSE,TRUE,
BAER,405,BAER_405,Basin2007,5,5,27-Apr-12,FALSE,TRUE,FALSE,FALSE,TRUE,
BAER,406,BAER_406,Basin2007,5,5,27-Apr-12,FALSE,TRUE,FALSE,FALSE,TRUE,
BAER,407,BAER_407,Basin2007,5,5,27-Apr-12,FALSE,TRUE,FALSE,FALSE,TRUE,
BAER,801,BAER_801,Waratah2003,9,9,17-May-12,TRUE,TRUE,TRUE,TRUE,TRUE,
BAER,802,BAER_802,Waratah2003,9,9,17-May-12,FALSE,TRUE,TRUE,TRUE,TRUE,
BAER,803,BAER_803,Waratah2003,9,9,17-May-12,TRUE,TRUE,TRUE,TRUE,TRUE,
BAER,804,BAER_804,Waratah2003,9,9,17-May-12,FALSE,TRUE,TRUE,TRUE,TRUE,
BAER,805,BAER_805,Waratah2003,9,9,17-May-12,FALSE,TRUE,TRUE,TRUE,TRUE,
BAER,806,BAER_806,Waratah2003,9,9,17-May-12,TRUE,TRUE,TRUE,TRUE,TRUE,
BAER,807,BAER_807,Waratah2003,9,9,17-May-12,TRUE,TRUE,TRUE,TRUE,TRUE,
BAER,901,BAER_901,Basin1981,32,32,14-Jun-12,TRUE,TRUE,TRUE,TRUE,TRUE,
BAER,902,BAER_902,Basin1981,32,32,14-Jun-12,TRUE,TRUE,TRUE,TRUE,TRUE,
BAER,903,BAER_903,Basin1981,32,32,14-Jun-12,TRUE,TRUE,TRUE,TRUE,TRUE,
BAER,904,BAER_904,Basin1981,32,32,14-Jun-12,TRUE,TRUE,TRUE,TRUE,TRUE,
BAER,905,BAER_905,Basin1981,32,32,14-Jun-12,TRUE,TRUE,TRUE,TRUE,TRUE,
BAER,906,BAER_906,Basin1981,32,32,14-Jun-12,TRUE,TRUE,TRUE,TRUE,TRUE,
BAER,907,BAER_907,Basin1981,32,32,19-Jun-12,TRUE,TRUE,TRUE,TRUE,TRUE,
BAER,B-01,BAER_B-01,baby,0.1,0.1,28-Jun-13,FALSE,TRUE,TRUE,TRUE,TRUE,
BAER,B-02,BAER_B-02,baby,0.1,0.1,28-Jun-13,FALSE,TRUE,TRUE,TRUE,TRUE,
BAER,B-03,BAER_B-03,baby,0.1,0.1,28-Jun-13,FALSE,TRUE,TRUE,TRUE,TRUE,
BAER,B-04,BAER_B-04,baby,0.1,0.1,28-Jun-13,FALSE,TRUE,TRUE,TRUE,TRUE,
BAER ,B-05,BAER_B-05,baby,0.1,0.1,28-Jun-13,FALSE,TRUE,TRUE,TRUE,TRUE,
BAER,B-06,BAER_B-06,baby,0.1,0.1,28-Jun-13,FALSE,TRUE,TRUE,TRUE,TRUE,
BAER,B-09,BAER_B-09,baby,0.1,0.1,22-Jan-14,FALSE,TRUE,TRUE,TRUE,TRUE,
BAER,B-099,BAER_B-099,baby,0.1,0.1,22-Jan-14,FALSE,TRUE,TRUE,TRUE,TRUE,
BAER,B-10,BAER_B-10,baby,0.1,0.1,22-Jan-14,FALSE,TRUE,TRUE,TRUE,TRUE,
BOLE,1,BOLE_001,Basin2005,7,7,15-Mar-12,TRUE,TRUE,TRUE,TRUE,TRUE,
BOLE,2,BOLE_002,Basin2005,7,7,23-Mar-12,TRUE,TRUE,TRUE,TRUE,TRUE,
BOLE,3,BOLE_003,Basin2005,7,7,23-Mar-12,TRUE,TRUE,TRUE,TRUE,TRUE,
BOLE,4,BOLE_004,Basin2005,7,7,23-Mar-12,TRUE,TRUE,TRUE,TRUE,TRUE,
BOLE,6,BOLE_006,Basin2005,7,7,3-May-12,TRUE,TRUE,TRUE,TRUE,TRUE,
BOLE,7,BOLE_007,Basin2005,7,7,3-May-12,TRUE,TRUE,TRUE,TRUE,TRUE,
BOLE,8,BOLE_008,Basin2005,7,7,1-Jun-12,TRUE,TRUE,TRUE,TRUE,TRUE,
BOLE,101,BOLE_101,Waratah2011,1.4,1.4,4-May-12,TRUE,TRUE,TRUE,TRUE,TRUE,
BOLE,105,BOLE_105,Waratah2011,1.4,1.4,4-May-12,TRUE,TRUE,TRUE,TRUE,TRUE,
BOLE,110,BOLE_110,Waratah2011,1.4,1.4,15-Jun-12,TRUE,TRUE,TRUE,TRUE,TRUE,
BOLE,111,BOLE_111,Waratah2011,1.4,1.4,15-Jun-12,TRUE,TRUE,TRUE,TRUE,TRUE,
BOLE,112,BOLE_112,Waratah2011,1.4,1.4,15-Jun-12,TRUE,TRUE,TRUE,TRUE,TRUE,
BOLE,113,BOLE_113,Waratah2011,1.4,1.4,18-May-12,TRUE,TRUE,TRUE,TRUE,TRUE,
BOLE,114,BOLE_114,Waratah2011,1.4,1.4,9-Aug-12,TRUE,TRUE,TRUE,TRUE,TRUE,
BOLE,115,BOLE_115,Waratah2011,1.4,1.4,9-Aug-12,TRUE,TRUE,TRUE,TRUE,TRUE,
BOLE,116,BOLE_116,Waratah2011,1.4,1.4,30-Aug-12,TRUE,TRUE,TRUE,TRUE,TRUE,
BOLE,117,BOLE_117,Waratah2011,1.4,1.4,2-Nov-12,TRUE,TRUE,TRUE,TRUE,TRUE,
BOLE,119,BOLE_119,Waratah2011,1.4,1.4,29-Jun-12,TRUE,TRUE,TRUE,TRUE,TRUE,
BOLE,151,BOLE_151,Waratah2011,2.4,2.4,14-Jun-13,TRUE,TRUE,TRUE,TRUE,TRUE,
BOLE,152,BOLE_152,Waratah2011,2.4,2.4,14-Jun-13,TRUE,TRUE,TRUE,TRUE,TRUE,
BOLE,153,BOLE_153,Waratah2011,2.4,2.4,14-Jun-13,TRUE,TRUE,TRUE,TRUE,TRUE,
BOLE,154,BOLE_154,Waratah2011,2.4,2.4,14-Jun-13,TRUE,TRUE,TRUE,TRUE,TRUE,
BOLE,155,BOLE_155,Waratah2011,2.4,2.4,14-Jun-13,TRUE,TRUE,TRUE,TRUE,TRUE,
BOLE,156,BOLE_156,Waratah2011,2.4,2.4,14-Jun-13,TRUE,TRUE,TRUE,TRUE,TRUE,
BOLE,157,BOLE_157,Waratah2011,2.4,2.4,14-Jun-13,TRUE,TRUE,TRUE,TRUE,TRUE,
BOLE,201,BOLE_201,Bobbin2010,3,3,25-May-12,TRUE,FALSE,FALSE,FALSE,TRUE,
BOLE,202,BOLE_202,Bobbin2010,3,3,25-May-12,TRUE,FALSE,FALSE,FALSE,TRUE,
BOLE,203,BOLE_203,Bobbin2010,3,3,25-May-12,TRUE,FALSE,FALSE,FALSE,TRUE,
BOLE,204,BOLE_204,Bobbin2010,3,3,25-May-12,TRUE,FALSE,FALSE,FALSE,TRUE,
BOLE,205,BOLE_205,Bobbin2010,3,3,25-May-12,TRUE,FALSE,FALSE,FALSE,TRUE,
BOLE,206,BOLE_206,Bobbin2010,3,3,25-May-12,TRUE,FALSE,FALSE,FALSE,TRUE,
BOLE,207,BOLE_207,Bobbin2010,3,3,25-May-12,TRUE,FALSE,FALSE,FALSE,TRUE,
BOLE,303,BOLE_303,Wilunga2012,1.4,1.35,18-Jun-13,FALSE,TRUE,TRUE,TRUE,TRUE,
BOLE,305,BOLE_305,Wilunga2012,1.4,1.35,18-Jun-13,TRUE,TRUE,TRUE,TRUE,TRUE,
BOLE,306,BOLE_306,Wilunga2012,1.4,1.35,18-Jun-13,TRUE,TRUE,TRUE,TRUE,TRUE,
BOLE,307,BOLE_307,Wilunga2012,1.4,1.35,27-Jun-13,TRUE,TRUE,TRUE,TRUE,TRUE,
BOLE,308,BOLE_308,Wilunga2012,1.4,1.35,27-Jun-13,TRUE,TRUE,TRUE,TRUE,TRUE,
BOLE,313,BOLE_313,Wilunga2012,1.4,1.35,27-Jun-13,TRUE,TRUE,TRUE,TRUE,TRUE,
BOLE,316,BOLE_316,Wilunga2012,1.4,1.35,27-Jun-13,TRUE,TRUE,TRUE,TRUE,TRUE,
BOLE,317,BOLE_317,Wilunga2012,1.4,1.35,28-Jun-13,TRUE,TRUE,TRUE,TRUE,TRUE,
BOLE,401,BOLE_401,Basin2007,5,5,20-Apr-12,TRUE,TRUE,FALSE,FALSE,TRUE,
BOLE,402,BOLE_402,Basin2007,5,5,20-Apr-12,TRUE,TRUE,FALSE,FALSE,TRUE,
BOLE,403,BOLE_403,Basin2007,5,5,20-Apr-12,TRUE,TRUE,FALSE,FALSE,TRUE,
BOLE,404,BOLE_404,Basin2007,5,5,26-Apr-12,TRUE,TRUE,FALSE,FALSE,TRUE,
BOLE,405,BOLE_405,Basin2007,5,5,27-Apr-12,TRUE,TRUE,FALSE,FALSE,TRUE,
BOLE,407,BOLE_407,Basin2007,5,5,27-Apr-12,TRUE,TRUE,FALSE,FALSE,TRUE,
BOLE,408,BOLE_408,Basin2007,5,5,1-Jun-12,TRUE,TRUE,FALSE,FALSE,TRUE,
BOLE,801,BOLE_801,Waratah2003,9,9,15-May-12,TRUE,TRUE,TRUE,TRUE,TRUE,
BOLE,802,BOLE_802,Waratah2003,9,9,15-May-12,TRUE,TRUE,TRUE,TRUE,TRUE,
BOLE,803,BOLE_803,Waratah2003,9,9,15-May-12,TRUE,TRUE,TRUE,TRUE,TRUE,
BOLE,804,BOLE_804,Waratah2003,9,9,15-May-12,TRUE,TRUE,TRUE,TRUE,TRUE,
BOLE,805,BOLE_805,Waratah2003,9,9,15-May-12,TRUE,TRUE,TRUE,TRUE,TRUE,
BOLE,806,BOLE_806,Waratah2003,9,9,15-May-12,TRUE,TRUE,TRUE,TRUE,TRUE,
BOLE,807,BOLE_807,Waratah2003,9,9,15-May-12,TRUE,TRUE,TRUE,TRUE,TRUE,
BOLE,B-01,BOLE_B-01,baby,0.1,0.1,28-Jun-13,FALSE,TRUE,TRUE,TRUE,TRUE,
BOLE,B-02,BOLE_B-02,baby,0.1,0.1,28-Jun-13,FALSE,TRUE,TRUE,TRUE,TRUE,
BOLE,B-03,BOLE_B-03,baby,0.1,0.1,28-Jun-13,FALSE,TRUE,TRUE,TRUE,TRUE,
BOLE,B-04,BOLE_B-04,baby,0.1,0.1,28-Jun-13,FALSE,TRUE,TRUE,TRUE,TRUE,
BOLE,B-07,BOLE_B-07,baby,0.1,0.1,22-Jan-14,FALSE,TRUE,TRUE,TRUE,TRUE,
BOLE,B-08,BOLE_B-08,baby,0.1,0.1,22-Jan-14,FALSE,TRUE,TRUE,TRUE,TRUE,
BOLE,B-10,BOLE_B-10,baby,0.1,0.1,22-Jan-14,FALSE,TRUE,TRUE,TRUE,TRUE,
COER,1,COER_001,Basin2005,7,7,15-Mar-12,TRUE,TRUE,TRUE,TRUE,TRUE,
COER,2,COER_002,Basin2005,7,7,15-Mar-12,TRUE,FALSE,FALSE,FALSE,FALSE,
COER,3,COER_003,Basin2005,7,7,15-Mar-12,TRUE,TRUE,TRUE,TRUE,TRUE,
COER,4,COER_004,Basin2005,7,7,16-Mar-12,TRUE,FALSE,FALSE,FALSE,FALSE,
COER,5,COER_005,Basin2005,7,7,23-Mar-12,TRUE,TRUE,TRUE,TRUE,TRUE,
COER,6,COER_006,Basin2005,7,7,23-Mar-12,TRUE,FALSE,FALSE,FALSE,FALSE,
COER,7,COER_007,Basin2005,7,7,23-Mar-12,TRUE,FALSE,FALSE,FALSE,FALSE,
COER,101,COER_101,Waratah2011,1.4,1.4,,FALSE,FALSE,FALSE,FALSE,FALSE,
xx,103,COER_103,Waratah2011,1.4,1.4,9-Aug-12,NA,FALSE,FALSE,FALSE,NA,wrong species
xx,104,COER_104,Waratah2011,1.4,1.4,4-May-12,NA,FALSE,FALSE,FALSE,NA,wrong species
xx,111,COER_111,Waratah2011,1.4,1.4,15-Jun-12,NA,FALSE,FALSE,FALSE,NA,wrong species
xx,112,COER_112,Waratah2011,1.4,1.4,15-Jun-12,NA,FALSE,FALSE,FALSE,NA,wrong species
xx,115,COER_115,Waratah2011,1.4,1.4,2-Nov-12,NA,FALSE,FALSE,FALSE,NA,wrong species
xx,151,COER_151,Waratah2011,2.4,2.4,,NA,FALSE,FALSE,FALSE,NA,wrong species
COER,152,COER_152,Waratah2011,2.4,2.4,14-Jun-13,FALSE,TRUE,TRUE,TRUE,TRUE,
COER,153,COER_153,Waratah2011,2.4,2.4,14-Jun-13,FALSE,TRUE,TRUE,TRUE,TRUE,
COER,154,COER_154,Waratah2011,2.4,2.4,14-Jun-13,FALSE,TRUE,TRUE,TRUE,TRUE,
COER,155,COER_155,Waratah2011,2.4,2.4,,FALSE,FALSE,FALSE,FALSE,FALSE,
COER,156,COER_156,Waratah2011,2.4,2.4,14-Jun-13,TRUE,TRUE,TRUE,TRUE,TRUE,
COER,157,COER_157,Waratah2011,2.4,2.4,14-Jun-13,TRUE,TRUE,TRUE,TRUE,TRUE,
COER,158,COER_158,Waratah2011,2.4,2.4,14-Jun-13,FALSE,TRUE,TRUE,TRUE,TRUE,
COER,159,COER_159,Waratah2011,2.4,2.4,14-Jun-13,FALSE,TRUE,TRUE,TRUE,TRUE,
COER,159b,COER_159b,Waratah2011,2.4,2.4,18-Jun-13,FALSE,TRUE,TRUE,TRUE,TRUE,
COER,160,COER_160,Waratah2011,1.4,1.4,21-Jan-14,FALSE,FALSE,FALSE,FALSE,FALSE,
COER,321,COER_321,Wilunga2012,1.4,1.35,3-Sep-13,FALSE,TRUE,TRUE,TRUE,TRUE,
COER,322,COER_322,Wilunga2012,1.4,1.35,3-Sep-13,FALSE,TRUE,TRUE,TRUE,TRUE,
COER,324,COER_324,Wilunga2012,1.4,1.35,3-Sep-13,FALSE,TRUE,TRUE,TRUE,TRUE,
COER,327,COER_327,Wilunga2012,1.4,1.35,3-Sep-13,FALSE,TRUE,TRUE,TRUE,TRUE,
COER,320,COER_320,Wilunga2012,1.4,1.35,1-Feb-14,FALSE,TRUE,TRUE,TRUE,TRUE,
COER,322,COER_332,Wilunga2012,1.4,1.35,1-Feb-14,FALSE,TRUE,TRUE,TRUE,TRUE,
COER,324,COER_334,Wilunga2012,1.4,1.35,1-Feb-14,FALSE,TRUE,TRUE,TRUE,TRUE,
COER,325,COER_325,Wilunga2012,1.4,1.35,1-Feb-14,FALSE,TRUE,TRUE,TRUE,TRUE,
COER,327,COER_337,Wilunga2012,1.4,1.35,1-Feb-14,FALSE,TRUE,TRUE,TRUE,TRUE,
COER,401,COER_401,Basin2007,5,5,27-Apr-12,TRUE,TRUE,FALSE,FALSE,TRUE,
COER,402,COER_402,Basin2007,5,5,27-Apr-12,FALSE,TRUE,FALSE,FALSE,TRUE,
COER,403,COER_403,Basin2007,5,5,27-Apr-12,TRUE,TRUE,FALSE,FALSE,TRUE,
COER,404,COER_404,Basin2007,5,5,27-Apr-12,TRUE,TRUE,FALSE,FALSE,TRUE,
COER,405,COER_405,Basin2007,5,5,27-Apr-12,FALSE,TRUE,FALSE,FALSE,TRUE,
COER,406,COER_406,Basin2007,5,5,27-Apr-12,FALSE,TRUE,FALSE,FALSE,TRUE,
COER,407,COER_407,Basin2007,5,5,27-Apr-12,TRUE,TRUE,FALSE,FALSE,TRUE,
COER,801,COER_801,Waratah2003,9,9,11-May-12,TRUE,TRUE,TRUE,TRUE,TRUE,
COER,802,COER_802,Waratah2003,9,9,11-May-12,TRUE,TRUE,TRUE,TRUE,TRUE,
COER,803,COER_803,Waratah2003,9,9,11-May-12,TRUE,TRUE,TRUE,TRUE,TRUE,
COER,804,COER_804,Waratah2003,9,9,11-May-12,TRUE,FALSE,FALSE,FALSE,TRUE,near death
COER,805,COER_805,Waratah2003,9,9,15-Jun-12,TRUE,FALSE,FALSE,FALSE,FALSE,
COER,806,COER_806,Waratah2003,9,9,17-May-12,TRUE,TRUE,TRUE,TRUE,TRUE,
COER,807,COER_807,Waratah2003,9,9,17-May-12,TRUE,TRUE,TRUE,TRUE,TRUE,
COER,B-01,COER_B-01,baby,0.1,0.1,22-Jan-14,FALSE,TRUE,TRUE,TRUE,TRUE,
COER,B-02,COER_B-02,baby,0.1,0.1,22-Jan-14,FALSE,TRUE,TRUE,TRUE,TRUE,
COER,B-03,COER_B-03,baby,0.1,0.1,22-Jan-14,FALSE,TRUE,TRUE,TRUE,TRUE,
COER,B-04,COER_B-04,baby,0.1,0.1,22-Jan-14,FALSE,TRUE,TRUE,TRUE,TRUE,
COER,B-05,COER_B-05,baby,0.1,0.1,27-Jan-14,FALSE,TRUE,TRUE,TRUE,TRUE,
COER,B-06,COER_B-06,baby,0.1,0.1,27-Jan-14,FALSE,TRUE,TRUE,TRUE,TRUE,
EPMI,1,EPMI_001,Basin2005,7,7,24-May-12,TRUE,TRUE,TRUE,TRUE,TRUE,
EPMI,2,EPMI_002,Basin2005,7,7,24-May-12,FALSE,TRUE,TRUE,TRUE,TRUE,
EPMI,3,EPMI_003,Basin2005,7,7,24-May-12,TRUE,TRUE,TRUE,TRUE,TRUE,
EPMI,4,EPMI_004,Basin2005,7,7,24-May-12,TRUE,TRUE,TRUE,TRUE,TRUE,
EPMI,5,EPMI_005,Basin2005,7,7,24-May-12,TRUE,TRUE,TRUE,TRUE,TRUE,
EPMI,6,EPMI_006,Basin2005,7,7,24-May-12,TRUE,TRUE,TRUE,TRUE,TRUE,
EPMI,7,EPMI_007,Basin2005,7,7,24-May-12,TRUE,TRUE,TRUE,TRUE,TRUE,
EPMI,101,EPMI_101,Waratah2011,1.4,1.4,15-Jun-12,FALSE,TRUE,TRUE,TRUE,TRUE,
EPMI,102,EPMI_102,Waratah2011,1.4,1.4,15-Jun-12,FALSE,TRUE,TRUE,TRUE,TRUE,
EPMI,104,EPMI_104,Waratah2011,1.4,1.4,15-Jun-12,FALSE,TRUE,TRUE,TRUE,TRUE,
EPMI,105,EPMI_105,Waratah2011,1.4,1.4,15-Jun-12,FALSE,TRUE,TRUE,TRUE,TRUE,
EPMI,106,EPMI_106,Waratah2011,1.4,1.4,15-Jun-12,FALSE,TRUE,TRUE,TRUE,TRUE,
EPMI,108,EPMI_108,Waratah2011,1.4,1.4,29-Jun-12,FALSE,TRUE,TRUE,TRUE,TRUE,
EPMI,109,EPMI_109,Waratah2011,1.4,1.4,2-Nov-12,FALSE,TRUE,TRUE,TRUE,TRUE,
EPMI,111,EPMI_111,Waratah2011,1.4,1.4,3-May-12,FALSE,FALSE,FALSE,FALSE,TRUE,
EPMI,112,EPMI_112,Waratah2011,1.4,1.4,3-May-12,FALSE,FALSE,FALSE,FALSE,TRUE,
EPMI,113,EPMI_113,Waratah2011,1.4,1.4,4-May-12,FALSE,FALSE,FALSE,FALSE,TRUE,
EPMI,116,EPMI_116,Waratah2011,1.4,1.4,9-Aug-12,FALSE,FALSE,FALSE,FALSE,TRUE,
EPMI,151,EPMI_151,Waratah2011,2.4,2.4,14-Jun-13,TRUE,TRUE,TRUE,TRUE,TRUE,
EPMI,152,EPMI_152,Waratah2011,2.4,2.4,14-Jun-13,TRUE,TRUE,TRUE,TRUE,TRUE,
EPMI,153,EPMI_153,Waratah2011,2.4,2.4,14-Jun-13,TRUE,TRUE,TRUE,TRUE,TRUE,
EPMI,154,EPMI_154,Waratah2011,2.4,2.4,14-Jun-13,FALSE,TRUE,TRUE,TRUE,TRUE,
EPMI,155,EPMI_155,Waratah2011,2.4,2.4,14-Jun-13,TRUE,TRUE,TRUE,TRUE,TRUE,
EPMI,156,EPMI_156,Waratah2011,2.4,2.4,18-Jun-13,FALSE,TRUE,TRUE,TRUE,TRUE,
EPMI,157,EPMI_157,Waratah2011,2.4,2.4,18-Jun-13,TRUE,TRUE,TRUE,TRUE,TRUE,
EPMI,302,EPMI_302,Wilunga2012,1.4,1.35,27-Jun-13,FALSE,TRUE,TRUE,TRUE,TRUE,
EPMI,304,EPMI_304,Wilunga2012,1.4,1.35,27-Jun-13,FALSE,TRUE,TRUE,TRUE,TRUE,
EPMI,307,EPMI_307,Wilunga2012,1.4,1.35,28-Jun-13,FALSE,TRUE,TRUE,TRUE,TRUE,
EPMI,310,EPMI_310,Wilunga2012,1.4,1.35,28-Jun-13,FALSE,TRUE,TRUE,TRUE,TRUE,
EPMI,311,EPMI_311,Wilunga2012,1.4,1.35,28-Jun-13,FALSE,TRUE,TRUE,TRUE,TRUE,
EPMI,312,EPMI_312,Wilunga2012,1.4,1.35,28-Jun-13,FALSE,TRUE,TRUE,TRUE,TRUE,
EPMI,313,EPMI_313,Wilunga2012,1.4,1.35,28-Jun-13,FALSE,TRUE,TRUE,TRUE,TRUE,
EPMI,314,EPMI_314,Wilunga2012,1.4,1.35,28-Jun-13,FALSE,TRUE,TRUE,TRUE,TRUE,
EPMI,401,EPMI_401,Basin2007,5,5,1-Jun-12,TRUE,TRUE,FALSE,FALSE,TRUE,
EPMI,402,EPMI_402,Basin2007,5,5,1-Jun-12,TRUE,TRUE,FALSE,FALSE,TRUE,
EPMI,403,EPMI_403,Basin2007,5,5,1-Jun-12,TRUE,TRUE,FALSE,FALSE,TRUE,
EPMI,404,EPMI_404,Basin2007,5,5,1-Jun-12,TRUE,TRUE,FALSE,FALSE,TRUE,
EPMI,405,EPMI_405,Basin2007,5,5,1-Jun-12,TRUE,TRUE,FALSE,FALSE,TRUE,
EPMI,406,EPMI_406,Basin2007,5,5,1-Jun-12,TRUE,TRUE,FALSE,FALSE,TRUE,
EPMI,407,EPMI_407,Basin2007,5,5,1-Jun-12,TRUE,TRUE,FALSE,FALSE,TRUE,
EPMI,801,EPMI_801,Waratah2003,9,9,18-May-12,TRUE,TRUE,TRUE,TRUE,TRUE,
EPMI,802,EPMI_802,Waratah2003,9,9,18-May-12,TRUE,TRUE,TRUE,TRUE,TRUE,
EPMI,803,EPMI_803,Waratah2003,9,9,18-May-12,TRUE,TRUE,TRUE,TRUE,TRUE,
EPMI,804,EPMI_804,Waratah2003,9,9,18-May-12,TRUE,TRUE,TRUE,TRUE,TRUE,
EPMI,805,EPMI_805,Waratah2003,9,9,18-May-12,TRUE,TRUE,TRUE,TRUE,TRUE,
EPMI,806,EPMI_806,Waratah2003,9,9,18-May-12,TRUE,TRUE,TRUE,TRUE,TRUE,
EPMI,807,EPMI_807,Waratah2003,9,9,18-May-12,TRUE,TRUE,TRUE,TRUE,TRUE,
EPMI,808,EPMI_808,Waratah2003,9,9,28-Jun-12,TRUE,TRUE,TRUE,TRUE,TRUE,
EPMI,901,EPMI_901,Basin1981,32,32,31-May-12,TRUE,TRUE,TRUE,TRUE,TRUE,
EPMI,902,EPMI_902,Basin1981,32,32,7-Jun-12,TRUE,TRUE,TRUE,TRUE,TRUE,
EPMI,903,EPMI_903,Basin1981,32,32,7-Jun-12,TRUE,TRUE,TRUE,TRUE,TRUE,
EPMI,904,EPMI_904,Basin1981,32,32,7-Jun-12,TRUE,TRUE,TRUE,TRUE,TRUE,
EPMI,905,EPMI_905,Basin1981,32,32,8-Jun-12,TRUE,TRUE,TRUE,TRUE,TRUE,
EPMI,906,EPMI_906,Basin1981,32,32,8-Jun-12,TRUE,TRUE,TRUE,TRUE,TRUE,
EPMI,907,EPMI_907,Basin1981,32,32,8-Jun-12,TRUE,TRUE,TRUE,TRUE,TRUE,
EPMI,B-01,EPMI_B-01,baby,0.1,0.1,27-Jan-14,FALSE,TRUE,TRUE,TRUE,TRUE,
EPMI,B-02,EPMI_B-02,baby,0.1,0.1,27-Jan-14,FALSE,TRUE,TRUE,TRUE,TRUE,
EPMI,B-03,EPMI_B-03,baby,0.1,0.1,27-Jan-14,FALSE,TRUE,TRUE,TRUE,TRUE,
EPMI,B-04,EPMI_B-04,baby,0.1,0.1,27-Jan-14,FALSE,TRUE,TRUE,TRUE,TRUE,
EPMI,207,EPMI_L207,Bobbin2010,3,3,25-May-12,NA,FALSE,FALSE,FALSE,TRUE,
EPMI,208,EPMI_L208,Bobbin2010,3,3,26-Jun-12,NA,FALSE,FALSE,FALSE,TRUE,
EPMI,209,EPMI_L209,Bobbin2010,3,3,26-Jun-12,NA,FALSE,FALSE,FALSE,TRUE,
GRBU,2,GRBU_002,Basin2005,7,7,16-Mar-12,TRUE,TRUE,TRUE,TRUE,TRUE,
GRBU,3,GRBU_003,Basin2005,7,7,22-Mar-12,,TRUE,TRUE,TRUE,TRUE,
GRBU,5,GRBU_005,Basin2005,7,7,22-May-12,,FALSE,FALSE,FALSE,FALSE,
GRBU,6,GRBU_006,Basin2005,7,7,23-Mar-12,TRUE,FALSE,FALSE,FALSE,FALSE,
GRBU,7,GRBU_007,Basin2005,7,7,23-Mar-12,TRUE,TRUE,TRUE,TRUE,TRUE,
GRBU,8,GRBU_008,Basin2005,7,7,23-Mar-12,,TRUE,TRUE,TRUE,TRUE,
GRBU,9,GRBU_009,Basin2005,7,7,23-Mar-12,TRUE,TRUE,TRUE,TRUE,TRUE,
GRSP,103,GRBU_103,Waratah2011,1.4,1.4,13-Jun-12,TRUE,FALSE,FALSE,FALSE,TRUE,possibly called GRSP_113 in places
GRSP,105,GRBU_105,Waratah2011,1.4,1.4,13-Jun-12,TRUE,FALSE,FALSE,FALSE,TRUE,possibly called GRSP_115 in places
GRSP,107,GRBU_107,Waratah2011,1.4,1.4,13-Jun-12,TRUE,FALSE,FALSE,FALSE,TRUE,possibly called GRSP_117 in places
GRBU,151,GRBU_151,Waratah2011,2.4,2.4,18-Jun-13,FALSE,TRUE,TRUE,TRUE,TRUE,
GRBU,152,GRBU_152,Waratah2011,2.4,2.4,18-Jun-13,FALSE,TRUE,TRUE,TRUE,TRUE,
GRBU,153,GRBU_153,Waratah2011,2.4,2.4,18-Jun-13,TRUE,TRUE,TRUE,TRUE,TRUE,
GRBU,154,GRBU_154,Waratah2011,2.4,2.4,,FALSE,FALSE,FALSE,FALSE,FALSE,
GRBU,155,GRBU_155,Waratah2011,1.4,1.4,21-Jan-14,FALSE,FALSE,FALSE,FALSE,FALSE,
GRBU,156,GRBU_156,Waratah2011,2.4,2.4,18-Jun-13,FALSE,TRUE,TRUE,TRUE,TRUE,
GRBU,157,GRBU_157,Waratah2011,2.4,2.4,18-Jun-13,FALSE,TRUE,TRUE,TRUE,TRUE,
GRBU,202,GRBU_202,Bobbin2010,3,3,10-May-12,NA,FALSE,FALSE,FALSE,TRUE,
GRBU,203,GRBU_203,Bobbin2010,3,3,10-May-12,NA,FALSE,FALSE,FALSE,TRUE,
GRBU,204,GRBU_204,Bobbin2010,3,3,10-May-12,NA,FALSE,FALSE,FALSE,TRUE,
GRBU,205,GRBU_205,Bobbin2010,3,3,10-May-12,NA,FALSE,FALSE,FALSE,TRUE,
GRBU,206,GRBU_206,Bobbin2010,3,3,25-May-12,NA,FALSE,FALSE,FALSE,TRUE,
GRBU,207,GRBU_207,Bobbin2010,3,3,26-Jun-12,NA,FALSE,FALSE,FALSE,TRUE,
GRBU,208,GRBU_208,Bobbin2010,3,3,26-Jun-12,NA,FALSE,FALSE,FALSE,TRUE,
GRBU,305,GRBU_305,Wilunga2012,1.4,1.35,27-Jun-13,FALSE,TRUE,TRUE,TRUE,TRUE,
GRBU,306,GRBU_306,Wilunga2012,1.4,1.35,27-Jun-13,TRUE,TRUE,TRUE,TRUE,TRUE,
GRBU,307,GRBU_307,Wilunga2012,1.4,1.35,27-Jun-13,FALSE,TRUE,TRUE,TRUE,TRUE,
GRBU,308,GRBU_308,Wilunga2012,1.4,1.35,27-Jun-13,FALSE,TRUE,TRUE,TRUE,TRUE,
GRBU,310,GRBU_310,Wilunga2012,1.4,1.35,27-Jun-13,TRUE,TRUE,TRUE,TRUE,TRUE,
GRBU,311,GRBU_311,Wilunga2012,1.4,1.35,27-Jun-13,TRUE,TRUE,TRUE,TRUE,TRUE,
GRBU,312,GRBU_312,Wilunga2012,1.4,1.35,27-Jun-13,FALSE,TRUE,TRUE,TRUE,TRUE,
GRBU,313,GRBU_313,Wilunga2012,1.4,1.35,27-Jun-13,TRUE,TRUE,TRUE,TRUE,TRUE,
GRBU,402,GRBU_402,Basin2007,5,5,27-Apr-12,FALSE,TRUE,FALSE,FALSE,TRUE,
GRBU,403,GRBU_403,Basin2007,5,5,27-Apr-12,TRUE,TRUE,FALSE,FALSE,TRUE,
GRBU,404,GRBU_404,Basin2007,5,5,27-Apr-12,TRUE,TRUE,FALSE,FALSE,TRUE,
GRBU,405,GRBU_405,Basin2007,5,5,27-Apr-12,TRUE,TRUE,FALSE,FALSE,TRUE,
GRBU,406,GRBU_406,Basin2007,5,5,27-Apr-12,TRUE,TRUE,FALSE,FALSE,TRUE,
GRBU,407,GRBU_407,Basin2007,5,5,1-May-12,TRUE,TRUE,FALSE,FALSE,TRUE,
GRBU,408,GRBU_408,Basin2007,5,5,1-May-12,TRUE,TRUE,FALSE,FALSE,TRUE,
GRBU,801,GRBU_801,Waratah2003,9,9,15-May-12,TRUE,TRUE,TRUE,TRUE,TRUE,
GRBU,802,GRBU_802,Waratah2003,9,9,15-May-12,TRUE,TRUE,TRUE,TRUE,TRUE,
GRBU,803,GRBU_803,Waratah2003,9,9,15-May-12,TRUE,TRUE,TRUE,TRUE,TRUE,
GRBU,804,GRBU_804,Waratah2003,9,9,15-May-12,TRUE,TRUE,TRUE,TRUE,TRUE,
GRBU,805,GRBU_805,Waratah2003,9,9,15-May-12,TRUE,TRUE,TRUE,TRUE,TRUE,
GRBU,806,GRBU_806,Waratah2003,9,9,15-May-12,TRUE,TRUE,TRUE,TRUE,TRUE,
GRBU,807,GRBU_807,Waratah2003,9,9,15-May-12,TRUE,TRUE,TRUE,TRUE,TRUE,
GRBU,901,GRBU_901,Basin1981,32,32,31-May-12,TRUE,FALSE,FALSE,FALSE,FALSE,
GRBU,902,GRBU_902,Basin1981,32,32,31-May-12,,FALSE,FALSE,FALSE,FALSE,
GRBU,903,GRBU_903,Basin1981,32,32,7-Jun-12,TRUE,FALSE,FALSE,FALSE,TRUE,near death
GRBU,904,GRBU_904,Basin1981,32,32,7-Jun-12,TRUE,TRUE,TRUE,TRUE,TRUE,
GRBU,905,GRBU_905,Basin1981,32,32,8-Jun-12,TRUE,TRUE,TRUE,TRUE,TRUE,
GRBU,906,GRBU_906,Basin1981,32,32,8-Jun-12,TRUE,TRUE,TRUE,TRUE,TRUE,
GRBU,907,GRBU_907,Basin1981,32,32,8-Jun-12,TRUE,TRUE,TRUE,TRUE,TRUE,
GRBU,B-01,GRBU_B-01,baby,0.1,0.1,28-Jun-13,FALSE,TRUE,TRUE,TRUE,TRUE,
GRBU,B-02,GRBU_B-02,baby,0.1,0.1,28-Jun-13,FALSE,TRUE,TRUE,TRUE,TRUE,
GRBU,B-03,GRBU_B-03,baby,0.1,0.1,28-Jun-13,FALSE,TRUE,TRUE,TRUE,TRUE,
GRBU,B-04,GRBU_B-04,baby,0.1,0.1,28-Jun-13,FALSE,FALSE,FALSE,FALSE,TRUE,"removed, because an outlier from all other points on chart; other babies fit well with other samples"
GRSP,2,GRSP_002,Basin2005,7,7,16-Mar-12,TRUE,TRUE,TRUE,TRUE,TRUE,
GRSP,3,GRSP_003,Basin2005,7,7,16-Mar-12,TRUE,TRUE,TRUE,TRUE,TRUE,
GRSP,4,GRSP_004,Basin2005,7,7,16-Mar-12,,FALSE,FALSE,FALSE,FALSE,
GRSP,5,GRSP_005,Basin2005,7,7,1-May-12,TRUE,TRUE,TRUE,TRUE,TRUE,
GRSP,6,GRSP_006,Basin2005,7,7,1-May-12,TRUE,TRUE,TRUE,TRUE,TRUE,
GRSP,7,GRSP_007,Basin2005,7,7,1-May-12,TRUE,TRUE,TRUE,TRUE,TRUE,
GRSP,9,GRSP_009,Basin2005,7,7,28-Jun-12,TRUE,TRUE,TRUE,TRUE,TRUE,
GRSP,101,GRSP_101,Waratah2011,1.4,1.4,3-May-12,FALSE,TRUE,TRUE,TRUE,TRUE,
GRSP,102,GRSP_102,Waratah2011,1.4,1.4,3-May-12,TRUE,TRUE,TRUE,TRUE,TRUE,
GRSP,103,GRSP_103,Waratah2011,1.4,1.4,3-May-12,FALSE,TRUE,TRUE,TRUE,TRUE,
GRSP,104,GRSP_104,Waratah2011,1.4,1.4,3-May-12,TRUE,TRUE,TRUE,TRUE,TRUE,
GRSP,105,GRSP_105,Waratah2011,1.4,1.4,4-May-12,TRUE,TRUE,TRUE,TRUE,TRUE,
GRSP,106,GRSP_106,Waratah2011,1.4,1.4,4-May-12,TRUE,TRUE,TRUE,TRUE,TRUE,
GRSP,107,GRSP_107,Waratah2011,1.4,1.4,4-May-12,TRUE,TRUE,TRUE,TRUE,TRUE,
GRSP,110,GRSP_110,Waratah2011,1.4,1.4,18-May-12,FALSE,TRUE,TRUE,TRUE,TRUE,
GRSP,111,GRSP_111,Waratah2011,1.4,1.4,29-Jun-12,FALSE,TRUE,TRUE,TRUE,TRUE,
GRSP,112,GRSP_112,Waratah2011,1.4,1.4,29-Jun-12,TRUE,TRUE,TRUE,TRUE,TRUE,
GRSP,114,GRSP_114,Waratah2011,1.4,1.4,29-Jun-12,TRUE,TRUE,TRUE,TRUE,TRUE,
GRSP,116,GRSP_116,Waratah2011,1.4,1.4,29-Jun-12,TRUE,TRUE,TRUE,TRUE,TRUE,
GRSP,151,GRSP_151,Waratah2011,2.4,2.4,14-Jun-13,TRUE,TRUE,TRUE,TRUE,TRUE,
GRSP,152,GRSP_152,Waratah2011,2.4,2.4,14-Jun-13,TRUE,TRUE,TRUE,TRUE,TRUE,
GRSP,153,GRSP_153,Waratah2011,2.4,2.4,14-Jun-13,TRUE,TRUE,TRUE,TRUE,TRUE,
GRSP,154,GRSP_154,Waratah2011,2.4,2.4,18-Jun-13,FALSE,TRUE,TRUE,TRUE,TRUE,
GRSP,155,GRSP_155,Waratah2011,2.4,2.4,18-Jun-13,TRUE,TRUE,TRUE,TRUE,TRUE,
GRSP,156,GRSP_156,Waratah2011,2.4,2.4,18-Jun-13,TRUE,TRUE,TRUE,TRUE,TRUE,
GRSP,157,GRSP_157,Waratah2011,2.4,2.4,18-Jun-13,TRUE,TRUE,TRUE,TRUE,TRUE,
GRSP,201,GRSP_201,Bobbin2010,3,3,10-May-12,NA,FALSE,FALSE,FALSE,TRUE,
GRSP,201b,GRSP_201b_ex_GRBU,Bobbin2010,3,3,10-May-12,NA,FALSE,FALSE,FALSE,TRUE,
GRSP,203,GRSP_203,Bobbin2010,3,3,10-May-12,NA,FALSE,FALSE,FALSE,TRUE,
GRSP,204,GRSP_204,Bobbin2010,3,3,10-May-12,NA,FALSE,FALSE,FALSE,TRUE,
GRSP,205,GRSP_205,Bobbin2010,3,3,10-May-12,NA,FALSE,FALSE,FALSE,TRUE,
GRSP,206,GRSP_206,Bobbin2010,3,3,25-May-12,NA,FALSE,FALSE,FALSE,TRUE,
GRSP,207,GRSP_207,Bobbin2010,3,3,25-May-12,NA,FALSE,FALSE,FALSE,TRUE,
GRSP,208,GRSP_208,Bobbin2010,3,3,25-May-12,NA,FALSE,FALSE,FALSE,TRUE,
GRSP,301,GRSP_301,Wilunga2012,1.4,1.35,18-Jun-13,FALSE,TRUE,TRUE,TRUE,TRUE,
GRSP,302,GRSP_302,Wilunga2012,1.4,1.35,18-Jun-13,FALSE,TRUE,TRUE,TRUE,TRUE,
GRSP,306,GRSP_306,Wilunga2012,1.4,1.35,18-Jun-13,FALSE,TRUE,TRUE,TRUE,TRUE,
GRSP,307,GRSP_307,Wilunga2012,1.4,1.35,27-Jun-13,FALSE,TRUE,TRUE,TRUE,TRUE,
GRSP,312,GRSP_312,Wilunga2012,1.4,1.35,27-Jun-13,FALSE,TRUE,TRUE,TRUE,TRUE,
GRSP,314,GRSP_314,Wilunga2012,1.4,1.35,27-Jun-13,FALSE,TRUE,TRUE,TRUE,TRUE,
GRSP,315,GRSP_315,Wilunga2012,1.4,1.35,27-Jun-13,FALSE,TRUE,TRUE,TRUE,TRUE,
GRSP,316,GRSP_316,Wilunga2012,1.4,1.35,27-Jun-13,FALSE,TRUE,TRUE,TRUE,TRUE,
GRSP,401,GRSP_401,Basin2007,5,5,20-Apr-12,FALSE,TRUE,FALSE,FALSE,TRUE,
GRSP,402,GRSP_402,Basin2007,5,5,20-Apr-12,TRUE,TRUE,FALSE,FALSE,TRUE,
GRSP,403,GRSP_403,Basin2007,5,5,20-Apr-12,TRUE,TRUE,FALSE,FALSE,TRUE,
GRSP,404,GRSP_404,Basin2007,5,5,20-Apr-12,TRUE,TRUE,FALSE,FALSE,TRUE,
GRSP,405,GRSP_405,Basin2007,5,5,26-Apr-12,TRUE,TRUE,FALSE,FALSE,TRUE,
GRSP,406,GRSP_406,Basin2007,5,5,26-Apr-12,TRUE,TRUE,FALSE,FALSE,TRUE,
GRSP,407,GRSP_407,Basin2007,5,5,26-Apr-12,TRUE,TRUE,FALSE,FALSE,TRUE,
GRSP,408,GRSP_408,Basin2007,5,5,20-Apr-12,TRUE,TRUE,FALSE,FALSE,TRUE,
GRSP,801,GRSP_801,Waratah2003,9,9,11-May-12,TRUE,TRUE,TRUE,TRUE,TRUE,
GRSP,802,GRSP_802,Waratah2003,9,9,11-May-12,TRUE,TRUE,TRUE,TRUE,TRUE,
GRSP,803,GRSP_803,Waratah2003,9,9,11-May-12,TRUE,TRUE,TRUE,TRUE,TRUE,
GRSP,804,GRSP_804,Waratah2003,9,9,17-May-12,TRUE,TRUE,TRUE,TRUE,TRUE,
GRSP,805,GRSP_805,Waratah2003,9,9,17-May-12,TRUE,TRUE,TRUE,TRUE,TRUE,
GRSP,806,GRSP_806,Waratah2003,9,9,17-May-12,TRUE,TRUE,TRUE,TRUE,TRUE,
GRSP,807,GRSP_807,Waratah2003,9,9,17-May-12,TRUE,TRUE,TRUE,TRUE,TRUE,
GRSP,901,GRSP_901,Basin1981,32,32,31-May-12,TRUE,FALSE,FALSE,FALSE,FALSE,
GRSP,902,GRSP_902,Basin1981,32,32,31-May-12,TRUE,FALSE,FALSE,FALSE,FALSE,
GRSP,903,GRSP_903,Basin1981,32,32,31-May-12,TRUE,FALSE,FALSE,FALSE,FALSE,
GRSP,904,GRSP_904,Basin1981,32,32,7-Jun-12,TRUE,FALSE,FALSE,FALSE,FALSE,
GRSP,905,GRSP_905,Basin1981,32,32,8-Jun-12,TRUE,FALSE,FALSE,FALSE,FALSE,
GRSP,906,GRSP_906,Basin1981,32,32,8-Jun-12,TRUE,FALSE,FALSE,FALSE,FALSE,
GRSP,907,GRSP_907,Basin1981,32,32,8-Jun-12,TRUE,FALSE,FALSE,FALSE,TRUE,near death
GRSP,B-01,GRSP_B-01,baby,0.1,0.1,28-Jun-13,FALSE,TRUE,TRUE,TRUE,TRUE,
GRSP,B-02,GRSP_B-02,baby,0.1,0.1,28-Jun-13,FALSE,TRUE,TRUE,TRUE,TRUE,
GRSP,B-03,GRSP_B-03,baby,0.1,0.1,28-Jun-13,FALSE,TRUE,TRUE,TRUE,TRUE,
GRSP,B-04,GRSP_B-04,baby,0.1,0.1,28-Jun-13,FALSE,TRUE,TRUE,TRUE,TRUE,
GRSP,B-05,GRSP_B-05,baby,0.1,0.1,28-Jun-13,FALSE,TRUE,TRUE,TRUE,TRUE,
HATE ,161,HATE _161,Waratah2011,2.4,2.4,3-Sep-13,FALSE,TRUE,TRUE,TRUE,TRUE,
HATE,1,HATE_001,Basin2005,7,7,15-Mar-12,TRUE,TRUE,TRUE,TRUE,TRUE,
HATE,2,HATE_002,Basin2005,7,7,3-May-12,TRUE,TRUE,TRUE,TRUE,TRUE,
HATE,3,HATE_003,Basin2005,7,7,3-May-12,TRUE,TRUE,TRUE,TRUE,TRUE,
HATE,4,HATE_004,Basin2005,7,7,3-May-12,TRUE,TRUE,TRUE,TRUE,TRUE,
HATE,5,HATE_005,Basin2005,7,7,3-May-12,TRUE,TRUE,TRUE,TRUE,TRUE,
HATE,6,HATE_006,Basin2005,7,7,3-May-12,TRUE,TRUE,TRUE,TRUE,TRUE,
HATE,7,HATE_007,Basin2005,7,7,3-May-12,TRUE,TRUE,TRUE,TRUE,TRUE,
HATE,102,HATE_102,Waratah2011,1.4,1.4,4-May-12,FALSE,FALSE,FALSE,FALSE,FALSE,
HATE,103,HATE_103,Waratah2011,1.4,1.4,4-May-12,FALSE,TRUE,TRUE,TRUE,TRUE,
HATE,104,HATE_104,Waratah2011,1.4,1.4,4-May-12,FALSE,TRUE,TRUE,TRUE,TRUE,
HATE,105,HATE_105,Waratah2011,1.4,1.4,4-May-12,FALSE,TRUE,TRUE,TRUE,TRUE,
HATE,106,HATE_106,Waratah2011,1.4,1.4,4-May-12,FALSE,TRUE,TRUE,TRUE,TRUE,
HATE,107,HATE_107,Waratah2011,1.4,1.4,4-May-12,FALSE,TRUE,TRUE,TRUE,TRUE,
HATE,108,HATE_108,Waratah2011,1.4,1.4,4-May-12,FALSE,TRUE,TRUE,TRUE,TRUE,
HATE,151,HATE_151,Waratah2011,2.4,2.4,14-Jun-13,FALSE,TRUE,TRUE,TRUE,TRUE,
HATE,152,HATE_152,Waratah2011,2.4,2.4,14-Jun-13,FALSE,FALSE,FALSE,FALSE,FALSE,
HATE,153,HATE_153,Waratah2011,2.4,2.4,14-Jun-13,FALSE,TRUE,TRUE,TRUE,TRUE,
HATE,154,HATE_154,Waratah2011,2.4,2.4,18-Jun-13,FALSE,TRUE,TRUE,TRUE,TRUE,
HATE,155,HATE_155,Waratah2011,2.4,2.4,18-Jun-13,FALSE,TRUE,TRUE,TRUE,TRUE,
HATE,156,HATE_156,Waratah2011,2.4,2.4,18-Jun-13,FALSE,TRUE,TRUE,TRUE,TRUE,
HATE,157,HATE_157,Waratah2011,2.4,2.4,18-Jun-13,FALSE,TRUE,TRUE,TRUE,TRUE,
HATE,302,HATE_302,Wilunga2012,1.4,1.35,18-Jun-13,FALSE,TRUE,TRUE,TRUE,TRUE,
HATE,304,HATE_304,Wilunga2012,1.4,1.35,18-Jun-13,FALSE,TRUE,TRUE,TRUE,TRUE,
HATE,305,HATE_305,Wilunga2012,1.4,1.35,3-Oct-13,FALSE,FALSE,FALSE,FALSE,FALSE,
HATE,306,HATE_306,Wilunga2012,1.4,1.35,18-Jun-13,FALSE,TRUE,TRUE,TRUE,TRUE,
HATE,307,HATE_307,Wilunga2012,1.4,1.35,18-Jun-13,FALSE,TRUE,TRUE,TRUE,TRUE,
HATE,308,HATE_308,Wilunga2012,1.4,1.35,18-Jun-13,FALSE,TRUE,TRUE,TRUE,TRUE,
HATE,310,HATE_310,Wilunga2012,1.4,1.35,27-Jun-13,FALSE,TRUE,TRUE,TRUE,TRUE,
HATE,311,HATE_311,Wilunga2012,1.4,1.35,27-Jun-13,FALSE,TRUE,TRUE,TRUE,TRUE,
HATE,312,HATE_312,Wilunga2012,1.4,1.35,27-Jun-13,FALSE,TRUE,TRUE,TRUE,TRUE,
HATE,401,HATE_401,Basin2007,5,5,20-Apr-12,FALSE,TRUE,FALSE,FALSE,TRUE,
HATE,402,HATE_402,Basin2007,5,5,20-Apr-12,FALSE,TRUE,FALSE,FALSE,TRUE,
HATE,403,HATE_403,Basin2007,5,5,20-Apr-12,FALSE,FALSE,FALSE,FALSE,TRUE,plant that didn't grow during the year and stunted to begin with
HATE,404,HATE_404,Basin2007,5,5,20-Apr-12,FALSE,TRUE,FALSE,FALSE,TRUE,
HATE,405,HATE_405,Basin2007,5,5,26-Apr-12,FALSE,TRUE,FALSE,FALSE,TRUE,
HATE,406,HATE_406,Basin2007,5,5,26-Apr-12,FALSE,TRUE,FALSE,FALSE,TRUE,
HATE,407,HATE_407,Basin2007,5,5,26-Apr-12,FALSE,TRUE,FALSE,FALSE,TRUE,
HATE,801,HATE_801,Waratah2003,9,9,17-May-12,TRUE,TRUE,TRUE,TRUE,TRUE,
HATE,802,HATE_802,Waratah2003,9,9,17-May-12,TRUE,TRUE,TRUE,TRUE,TRUE,
HATE,803,HATE_803,Waratah2003,9,9,17-May-12,TRUE,TRUE,TRUE,TRUE,TRUE,
HATE,804,HATE_804,Waratah2003,9,9,17-May-12,TRUE,TRUE,TRUE,TRUE,TRUE,
HATE,805,HATE_805,Waratah2003,9,9,17-May-12,TRUE,TRUE,TRUE,TRUE,TRUE,
HATE,806,HATE_806,Waratah2003,9,9,17-May-12,TRUE,TRUE,TRUE,TRUE,TRUE,
HATE,807,HATE_807,Waratah2003,9,9,17-May-12,TRUE,TRUE,TRUE,TRUE,TRUE,
HATE,901,HATE_901,Basin1981,32,32,14-Jun-12,TRUE,TRUE,TRUE,TRUE,TRUE,
HATE,902,HATE_902,Basin1981,32,32,14-Jun-12,TRUE,TRUE,TRUE,TRUE,TRUE,
HATE,903,HATE_903,Basin1981,32,32,14-Jun-12,TRUE,TRUE,TRUE,TRUE,TRUE,
HATE,904,HATE_904,Basin1981,32,32,14-Jun-12,TRUE,TRUE,TRUE,TRUE,TRUE,
HATE,905,HATE_905,Basin1981,32,32,14-Jun-12,TRUE,TRUE,TRUE,TRUE,TRUE,
HATE,906,HATE_906,Basin1981,32,32,14-Jun-12,TRUE,TRUE,TRUE,TRUE,TRUE,
HATE,907,HATE_907,Basin1981,32,32,14-Jun-12,TRUE,TRUE,TRUE,TRUE,TRUE,
HATE,B-01,HATE_B-01,baby,0.1,0.1,28-Jun-13,FALSE,TRUE,TRUE,TRUE,TRUE,
HATE,B-02,HATE_B-02,baby,0.1,0.1,28-Jun-13,FALSE,TRUE,TRUE,TRUE,TRUE,
HATE,B-03,HATE_B-03,baby,0.1,0.1,28-Jun-13,FALSE,TRUE,TRUE,TRUE,TRUE,
HATE,B-04,HATE_B-04,baby,0.1,0.1,28-Jun-13,FALSE,TRUE,TRUE,TRUE,TRUE,
HATE,B-05,HATE_B-05,baby,0.1,0.1,28-Jun-13,FALSE,TRUE,TRUE,TRUE,TRUE,
HATE,B-06,HATE_B-06,baby,0.1,0.1,28-Jun-13,FALSE,TRUE,TRUE,TRUE,TRUE,
HEPU,1,HEPU_001,Basin2005,7,7,15-Mar-12,TRUE,TRUE,TRUE,TRUE,TRUE,
HEPU,2,HEPU_002,Basin2005,7,7,15-Mar-12,TRUE,TRUE,TRUE,TRUE,TRUE,
HEPU,3,HEPU_003,Basin2005,7,7,15-Mar-12,TRUE,FALSE,FALSE,FALSE,FALSE,
HEPU,4,HEPU_004,Basin2005,7,7,16-Mar-12,TRUE,TRUE,TRUE,TRUE,TRUE,
HEPU,5,HEPU_005,Basin2005,7,7,16-Mar-12,,FALSE,FALSE,FALSE,FALSE,
HEPU,6,HEPU_006,Basin2005,7,7,1-May-12,TRUE,TRUE,TRUE,TRUE,TRUE,
HEPU,7,HEPU_007,Basin2005,7,7,1-May-12,TRUE,TRUE,TRUE,TRUE,TRUE,
HEPU,9,HEPU_009,Basin2005,7,7,29-Jun-12,TRUE,TRUE,TRUE,TRUE,TRUE,
HEPU,106,HEPU_106,Waratah2011,1.4,1.4,4-May-12,TRUE,TRUE,TRUE,TRUE,TRUE,
HEPU,107,HEPU_107,Waratah2011,1.4,1.4,4-May-12,TRUE,TRUE,TRUE,TRUE,TRUE,
HEPU,108,HEPU_108,Waratah2011,1.4,1.4,15-Jun-12,FALSE,TRUE,TRUE,TRUE,TRUE,
HEPU,109,HEPU_109,Waratah2011,1.4,1.4,15-Jun-12,FALSE,TRUE,TRUE,TRUE,TRUE,
HEPU,110,HEPU_110,Waratah2011,1.4,1.4,15-Jun-12,FALSE,TRUE,TRUE,TRUE,TRUE,
HEPU,111,HEPU_111,Waratah2011,1.4,1.4,15-Jun-12,TRUE,TRUE,TRUE,TRUE,TRUE,
HEPU,112,HEPU_112,Waratah2011,1.4,1.4,15-Jun-12,FALSE,TRUE,TRUE,TRUE,TRUE,
HEPU,113,HEPU_113,Waratah2011,1.4,1.4,2-Nov-12,FALSE,TRUE,TRUE,TRUE,TRUE,
HEPU,151,HEPU_151,Waratah2011,2.4,2.4,13-Jun-13,TRUE,TRUE,TRUE,TRUE,TRUE,
HEPU,152,HEPU_152,Waratah2011,2.4,2.4,13-Jun-13,TRUE,TRUE,TRUE,TRUE,TRUE,
HEPU,153,HEPU_153,Waratah2011,2.4,2.4,13-Jun-13,FALSE,TRUE,TRUE,TRUE,TRUE,
HEPU,154,HEPU_154,Waratah2011,2.4,2.4,13-Jun-13,TRUE,TRUE,TRUE,TRUE,TRUE,
HEPU,155,HEPU_155,Waratah2011,2.4,2.4,14-Jun-13,FALSE,TRUE,TRUE,TRUE,TRUE,
HEPU,156,HEPU_156,Waratah2011,2.4,2.4,14-Jun-13,TRUE,TRUE,TRUE,TRUE,TRUE,
HEPU,157,HEPU_157,Waratah2011,2.4,2.4,14-Jun-13,TRUE,TRUE,TRUE,TRUE,TRUE,
HEPU,201,HEPU_201,Bobbin2010,3,3,10-May-12,NA,FALSE,FALSE,FALSE,TRUE,
HEPU,202,HEPU_202,Bobbin2010,3,3,10-May-12,NA,FALSE,FALSE,FALSE,TRUE,
HEPU,203,HEPU_203,Bobbin2010,3,3,10-May-12,NA,FALSE,FALSE,FALSE,TRUE,
HEPU,205,HEPU_205,Bobbin2010,3,3,25-May-12,NA,FALSE,FALSE,FALSE,TRUE,
HEPU,206,HEPU_206,Bobbin2010,3,3,25-May-12,NA,FALSE,FALSE,FALSE,TRUE,
HEPU,207,HEPU_207,Bobbin2010,3,3,25-May-12,NA,FALSE,FALSE,FALSE,TRUE,
HEPU,402,HEPU_402,Basin2007,5,5,20-Apr-12,TRUE,TRUE,FALSE,FALSE,TRUE,
HEPU,403,HEPU_403,Basin2007,5,5,20-Apr-12,TRUE,FALSE,FALSE,FALSE,TRUE,
HEPU,404,HEPU_404,Basin2007,5,5,26-Apr-12,TRUE,TRUE,FALSE,FALSE,TRUE,
HEPU,405,HEPU_405,Basin2007,5,5,26-Apr-12,TRUE,TRUE,FALSE,FALSE,TRUE,
HEPU,406,HEPU_406,Basin2007,5,5,26-Apr-12,TRUE,TRUE,FALSE,FALSE,TRUE,
HEPU,407,HEPU_407,Basin2007,5,5,27-Apr-12,TRUE,TRUE,FALSE,FALSE,TRUE,
HEPU,408,HEPU_408,Basin2007,5,5,1-Jun-12,TRUE,TRUE,FALSE,FALSE,TRUE,
HEPU,801,HEPU_801,Waratah2003,9,9,11-May-12,TRUE,TRUE,TRUE,TRUE,TRUE,
HEPU,802,HEPU_802,Waratah2003,9,9,11-May-12,TRUE,TRUE,TRUE,TRUE,TRUE,
HEPU,803,HEPU_803,Waratah2003,9,9,11-May-12,TRUE,TRUE,TRUE,TRUE,TRUE,
HEPU,804,HEPU_804,Waratah2003,9,9,11-May-12,TRUE,TRUE,TRUE,TRUE,TRUE,
HEPU,805,HEPU_805,Waratah2003,9,9,15-May-12,TRUE,TRUE,TRUE,TRUE,TRUE,
HEPU,806,HEPU_806,Waratah2003,9,9,15-May-12,TRUE,TRUE,TRUE,TRUE,TRUE,
HEPU,807,HEPU_807,Waratah2003,9,9,17-May-12,TRUE,TRUE,TRUE,TRUE,TRUE,
HEPU,901,HEPU_901,Basin1981,32,32,31-May-12,TRUE,FALSE,FALSE,FALSE,FALSE,
HEPU,902,HEPU_902,Basin1981,32,32,31-May-12,TRUE,FALSE,FALSE,FALSE,FALSE,
HEPU,903,HEPU_903,Basin1981,32,32,7-Jun-12,TRUE,FALSE,FALSE,FALSE,FALSE,
HEPU,904,HEPU_904,Basin1981,32,32,7-Jun-12,TRUE,FALSE,FALSE,FALSE,FALSE,
HEPU,905,HEPU_905,Basin1981,32,32,7-Jun-12,TRUE,FALSE,FALSE,FALSE,FALSE,
HEPU,906,HEPU_906,Basin1981,32,32,8-Jun-12,TRUE,FALSE,FALSE,FALSE,FALSE,
HEPU,907,HEPU_907,Basin1981,32,32,8-Jun-12,TRUE,FALSE,FALSE,FALSE,FALSE,
HEPU,B-01,HEPU_B-01,baby,0.1,0.1,22-Jan-14,FALSE,TRUE,TRUE,TRUE,TRUE,
HEPU,B-02,HEPU_B-02,baby,0.1,0.1,22-Jan-14,FALSE,TRUE,TRUE,TRUE,TRUE,
HEPU,B-03,HEPU_B-03,baby,0.1,0.1,22-Jan-14,FALSE,TRUE,TRUE,TRUE,TRUE,
HEPU,B-04,HEPU_B-04,baby,0.1,0.1,22-Jan-14,FALSE,TRUE,TRUE,TRUE,TRUE,
HEPU,B-05,HEPU_B-05,baby,0.1,0.1,18-Feb-15,FALSE,TRUE,TRUE,TRUE,TRUE,
HEPU,204,HEPU_C204,Bobbin2010,3,3,10-May-12,NA,FALSE,FALSE,FALSE,TRUE,
HEPU,205,HEPU_C205,Bobbin2010,3,3,10-May-12,NA,FALSE,FALSE,FALSE,TRUE,
LEES,1,LEES_001,Basin2005,7,7,16-Mar-12,TRUE,TRUE,TRUE,TRUE,TRUE,
LEES,2,LEES_002,Basin2005,7,7,22-Mar-12,TRUE,TRUE,TRUE,TRUE,TRUE,
LEES,3,LEES_003,Basin2005,7,7,22-Mar-12,TRUE,TRUE,TRUE,TRUE,TRUE,
LEES,4,LEES_004,Basin2005,7,7,22-Mar-12,TRUE,TRUE,TRUE,TRUE,TRUE,
LEES,5,LEES_005,Basin2005,7,7,22-Mar-12,TRUE,TRUE,TRUE,TRUE,TRUE,
LEES,6,LEES_006,Basin2005,7,7,23-Mar-12,TRUE,TRUE,TRUE,TRUE,TRUE,
LEES,7,LEES_007,Basin2005,7,7,23-Mar-12,TRUE,TRUE,TRUE,TRUE,TRUE,
LEES,102,LEES_102,Waratah2011,1.4,1.4,3-May-12,FALSE,TRUE,TRUE,TRUE,TRUE,
LEES,110,LEES_110,Waratah2011,1.4,1.4,15-Jun-12,FALSE,TRUE,TRUE,TRUE,TRUE,
LEES,114,LEES_114,Waratah2011,1.4,1.4,9-Aug-12,FALSE,TRUE,TRUE,TRUE,TRUE,
xx,151,LEES_151,Waratah2011,1.4,1.4,21-Jan-14,NA,FALSE,FALSE,FALSE,NA,wrong species
LEES,152,LEES_152,Waratah2011,2.4,2.4,14-Jun-13,TRUE,TRUE,TRUE,TRUE,TRUE,
LEES,153,LEES_153,Waratah2011,2.4,2.4,14-Jun-13,TRUE,TRUE,TRUE,TRUE,TRUE,
xx,154,LEES_154,Waratah2011,2.4,2.4,,NA,FALSE,FALSE,FALSE,NA,wrong species
LEES,155,LEES_155,Waratah2011,2.4,2.4,14-Jun-13,FALSE,TRUE,TRUE,TRUE,TRUE,
LEES,156,LEES_156,Waratah2011,2.4,2.4,18-Jun-13,TRUE,TRUE,TRUE,TRUE,TRUE,
LEES,157,LEES_157,Waratah2011,2.4,2.4,18-Jun-13,TRUE,TRUE,TRUE,TRUE,TRUE,
LEES,201,LEES_201,Bobbin2010,3,3,10-May-12,NA,FALSE,FALSE,FALSE,TRUE,
LEES,202,LEES_202,Bobbin2010,3,3,10-May-12,NA,FALSE,FALSE,FALSE,TRUE,
LEES,204,LEES_204,Bobbin2010,3,3,10-May-12,NA,FALSE,FALSE,FALSE,TRUE,
LEES,205,LEES_205,Bobbin2010,3,3,10-May-12,NA,FALSE,FALSE,FALSE,TRUE,
LEES,206,LEES_206,Bobbin2010,3,3,10-May-12,NA,FALSE,FALSE,FALSE,TRUE,
LEES,401,LEES_401,Basin2007,5,5,20-Apr-12,TRUE,TRUE,FALSE,FALSE,TRUE,
LEES,402,LEES_402,Basin2007,5,5,20-Apr-12,TRUE,TRUE,FALSE,FALSE,TRUE,
LEES,403,LEES_403,Basin2007,5,5,20-Apr-12,TRUE,TRUE,FALSE,FALSE,TRUE,
LEES,404,LEES_404,Basin2007,5,5,26-Apr-12,TRUE,TRUE,FALSE,FALSE,TRUE,
LEES,405,LEES_405,Basin2007,5,5,27-Apr-12,TRUE,TRUE,FALSE,FALSE,TRUE,
LEES,406,LEES_406,Basin2007,5,5,27-Apr-12,TRUE,TRUE,FALSE,FALSE,TRUE,
LEES,407,LEES_407,Basin2007,5,5,27-Apr-12,TRUE,TRUE,FALSE,FALSE,TRUE,
LEES,801,LEES_801,Waratah2003,9,9,11-May-12,TRUE,TRUE,TRUE,TRUE,TRUE,
LEES,802,LEES_802,Waratah2003,9,9,11-May-12,TRUE,TRUE,TRUE,TRUE,TRUE,
LEES,803,LEES_803,Waratah2003,9,9,11-May-12,TRUE,TRUE,TRUE,TRUE,TRUE,
LEES,804,LEES_804,Waratah2003,9,9,15-May-12,TRUE,TRUE,TRUE,TRUE,TRUE,
LEES,805,LEES_805,Waratah2003,9,9,18-May-12,TRUE,TRUE,TRUE,TRUE,TRUE,
LEES,806,LEES_806,Waratah2003,9,9,18-May-12,TRUE,TRUE,TRUE,TRUE,TRUE,
LEES,807,LEES_807,Waratah2003,9,9,18-May-12,TRUE,TRUE,TRUE,TRUE,TRUE,
LEES,901,LEES_901,Basin1981,32,32,31-May-12,TRUE,TRUE,TRUE,TRUE,TRUE,
LEES,902,LEES_902,Basin1981,32,32,31-May-12,TRUE,TRUE,TRUE,TRUE,TRUE,
LEES,903,LEES_903,Basin1981,32,32,31-May-12,TRUE,TRUE,TRUE,TRUE,TRUE,
LEES,904,LEES_904,Basin1981,32,32,31-May-12,TRUE,TRUE,TRUE,TRUE,TRUE,
LEES,905,LEES_905,Basin1981,32,32,31-May-12,TRUE,TRUE,TRUE,TRUE,TRUE,
LEES,906,LEES_906,Basin1981,32,32,7-Jun-12,TRUE,FALSE,FALSE,FALSE,FALSE,
LEES,907,LEES_907,Basin1981,32,32,8-Jun-12,TRUE,FALSE,FALSE,FALSE,TRUE,near death
LEES,B-01,LEES_B-01,baby,0.1,0.1,22-Jan-14,FALSE,TRUE,TRUE,TRUE,TRUE,
LEES,B-02,LEES_B-02,baby,0.1,0.1,22-Jan-14,FALSE,TRUE,TRUE,TRUE,TRUE,
LEES,B-03,LEES_B-03,baby,0.1,0.1,22-Jan-14,FALSE,TRUE,TRUE,TRUE,TRUE,
LEES,B-04,LEES_B-04,baby,0.1,0.1,22-Jan-14,FALSE,TRUE,TRUE,TRUE,TRUE,
LEES,B-06,LEES_B-06,baby,0.1,0.1,27-Jan-14,FALSE,TRUE,TRUE,TRUE,TRUE,
LEES,B-07,LEES_B-07,baby,0.1,0.1,22-Jan-14,FALSE,TRUE,TRUE,TRUE,TRUE,
LEES,B-08,LEES_B-08,baby,0.1,0.1,22-Jan-14,FALSE,TRUE,TRUE,TRUE,TRUE,
LEES,B-09,LEES_B-09,baby,0.1,0.1,22-Jan-14,FALSE,TRUE,TRUE,TRUE,TRUE,
LEES,325,LEES_325,Wilunga2012,1.4,1.35,1-Feb-14,FALSE,FALSE,FALSE,FALSE,TRUE,
LEES,351,LEES_351,Wilunga2012,1.4,1.35,1-Feb-14,FALSE,TRUE,TRUE,TRUE,TRUE,
LEES,352,LEES_352,Wilunga2012,1.4,1.35,1-Feb-14,FALSE,TRUE,TRUE,TRUE,TRUE,
LEES,353,LEES_353,Wilunga2012,1.4,1.35,1-Feb-14,FALSE,TRUE,TRUE,TRUE,TRUE,
LEES,354,LEES_354,Wilunga2012,1.4,1.35,1-Feb-14,FALSE,TRUE,TRUE,TRUE,TRUE,
LEES,354,LEES_355,Wilunga2012,1.4,1.35,1-Feb-14,FALSE,TRUE,TRUE,TRUE,TRUE,
PELA,1,PELA_001,Basin2005,7,7,15-Mar-12,FALSE,TRUE,TRUE,TRUE,TRUE,
PELA,2,PELA_002,Basin2005,7,7,15-Mar-12,FALSE,TRUE,TRUE,TRUE,TRUE,
PELA,3,PELA_003,Basin2005,7,7,15-Mar-12,FALSE,TRUE,TRUE,TRUE,TRUE,
PELA,4,PELA_004,Basin2005,7,7,22-Mar-12,FALSE,TRUE,TRUE,TRUE,TRUE,
PELA,5,PELA_005,Basin2005,7,7,22-Mar-12,FALSE,TRUE,TRUE,TRUE,TRUE,
PELA,6,PELA_006,Basin2005,7,7,23-Mar-12,FALSE,TRUE,TRUE,TRUE,TRUE,
PELA,7,PELA_007,Basin2005,7,7,23-Mar-12,FALSE,TRUE,TRUE,TRUE,TRUE,
PELA,103,PELA_103,Waratah2011,1.4,1.4,4-May-12,FALSE,TRUE,TRUE,TRUE,TRUE,
PELA,104,PELA_104,Waratah2011,1.4,1.4,4-May-12,FALSE,TRUE,TRUE,TRUE,TRUE,
PELA,108,PELA_108,Waratah2011,1.4,1.4,4-May-12,FALSE,TRUE,TRUE,TRUE,TRUE,
PELA,111,PELA_111,Waratah2011,1.4,1.4,,FALSE,FALSE,FALSE,FALSE,FALSE,plant missing
PELA,113,PELA_113,Waratah2011,1.4,1.4,15-Jun-12,FALSE,TRUE,TRUE,TRUE,TRUE,
PELA,118,PELA_118,Waratah2011,1.4,1.4,30-Aug-12,FALSE,TRUE,TRUE,TRUE,TRUE,
PELA,120,PELA_120,Waratah2011,1.4,1.4,2-Nov-12,FALSE,TRUE,TRUE,TRUE,TRUE,
PELA,121,PELA_121,Waratah2011,1.4,1.4,,FALSE,FALSE,FALSE,FALSE,FALSE,
PELA,122,PELA_122,Waratah2011,1.4,1.4,2-Nov-12,FALSE,TRUE,TRUE,TRUE,TRUE,
PELA,151,PELA_151,Waratah2011,2.4,2.4,14-Jun-13,FALSE,FALSE,FALSE,FALSE,TRUE,
PELA,152,PELA_152,Waratah2011,2.4,2.4,14-Jun-13,FALSE,TRUE,TRUE,TRUE,TRUE,
PELA,153,PELA_153,Waratah2011,2.4,2.4,18-Jun-13,FALSE,TRUE,TRUE,TRUE,TRUE,
PELA,154,PELA_154,Waratah2011,2.4,2.4,18-Jun-13,FALSE,FALSE,FALSE,FALSE,FALSE,
PELA,155,PELA_155,Waratah2011,2.4,2.4,18-Jun-13,FALSE,TRUE,TRUE,TRUE,TRUE,
PELA,156,PELA_156,Waratah2011,2.4,2.4,18-Jun-13,FALSE,TRUE,TRUE,TRUE,TRUE,
PELA,157,PELA_157,Waratah2011,2.4,2.4,18-Jun-13,FALSE,TRUE,TRUE,TRUE,TRUE,
PELA,158,PELA_158,Waratah2011,2.4,2.4,18-Jun-13,FALSE,TRUE,TRUE,TRUE,TRUE,
PELA,161,PELA_161,Waratah2011,2.4,2.4,20-Sep-13,FALSE,TRUE,TRUE,TRUE,TRUE,
PELA,162,PELA_162,Waratah2011,2.4,2.4,20-Sep-13,FALSE,TRUE,TRUE,TRUE,TRUE,
PELA,301,PELA_301,Wilunga2012,1.4,1.35,27-Jun-13,FALSE,TRUE,TRUE,TRUE,TRUE,
PELA,302,PELA_302,Wilunga2012,1.4,1.35,27-Jun-13,FALSE,TRUE,TRUE,TRUE,TRUE,
PELA,303,PELA_303,Wilunga2012,1.4,1.35,27-Jun-13,FALSE,TRUE,TRUE,TRUE,TRUE,
PELA,305,PELA_305,Wilunga2012,1.4,1.35,27-Jun-13,FALSE,TRUE,TRUE,TRUE,TRUE,
PELA,306,PELA_306,Wilunga2012,1.4,1.35,27-Jun-13,FALSE,FALSE,TRUE,FALSE,TRUE,"check - in  allometric, but not allocation"
PELA,308,PELA_308,Wilunga2012,1.4,1.35,27-Jun-13,FALSE,TRUE,TRUE,TRUE,TRUE,
PELA,309,PELA_309,Wilunga2012,1.4,1.35,3-Oct-13,FALSE,FALSE,FALSE,FALSE,FALSE,
PELA,321,PELA_321,Wilunga2012,1.4,1.35,3-Sep-13,FALSE,TRUE,TRUE,TRUE,TRUE,
PELA,322,PELA_322,Wilunga2012,1.4,1.35,3-Sep-13,FALSE,TRUE,TRUE,TRUE,TRUE,
PELA,330,PELA_330,Wilunga2012,1.4,1.35,1-Feb-14,FALSE,TRUE,TRUE,TRUE,TRUE,
PELA,334,PELA_334,Wilunga2012,1.4,1.35,1-Feb-14,FALSE,TRUE,TRUE,TRUE,TRUE,
PELA,401,PELA_401,Basin2007,5,5,20-Apr-12,FALSE,TRUE,FALSE,FALSE,TRUE,
PELA,402,PELA_402,Basin2007,5,5,26-Apr-12,FALSE,TRUE,FALSE,FALSE,TRUE,
PELA,403,PELA_403,Basin2007,5,5,26-Apr-12,FALSE,TRUE,FALSE,FALSE,TRUE,
PELA,404,PELA_404,Basin2007,5,5,26-Apr-12,FALSE,TRUE,FALSE,FALSE,TRUE,
PELA,405,PELA_405,Basin2007,5,5,26-Apr-12,FALSE,TRUE,FALSE,FALSE,TRUE,
PELA,406,PELA_406,Basin2007,5,5,26-Apr-12,FALSE,TRUE,FALSE,FALSE,TRUE,
PELA,407,PELA_407,Basin2007,5,5,27-Apr-12,FALSE,TRUE,FALSE,FALSE,TRUE,
PELA,801,PELA_801,Waratah2003,9,9,11-May-12,FALSE,TRUE,TRUE,TRUE,TRUE,
PELA,802,PELA_802,Waratah2003,9,9,11-May-12,TRUE,TRUE,TRUE,TRUE,TRUE,
PELA,803,PELA_803,Waratah2003,9,9,11-May-12,TRUE,TRUE,TRUE,TRUE,TRUE,
PELA,804,PELA_804,Waratah2003,9,9,15-May-12,TRUE,TRUE,TRUE,TRUE,TRUE,
PELA,805,PELA_805,Waratah2003,9,9,15-May-12,TRUE,TRUE,TRUE,TRUE,TRUE,
PELA,806,PELA_806,Waratah2003,9,9,17-May-12,TRUE,TRUE,TRUE,TRUE,TRUE,
PELA,807,PELA_807,Waratah2003,9,9,17-May-12,TRUE,TRUE,TRUE,TRUE,TRUE,
PELA,901,PELA_901,Basin1981,32,32,8-Jun-12,TRUE,TRUE,TRUE,TRUE,TRUE,
PELA,902,PELA_902,Basin1981,32,32,8-Jun-12,TRUE,FALSE,FALSE,FALSE,TRUE,near death
PELA,903,PELA_903,Basin1981,32,32,14-Jun-12,TRUE,TRUE,TRUE,TRUE,TRUE,
PELA,904,PELA_904,Basin1981,32,32,14-Jun-12,TRUE,TRUE,TRUE,TRUE,TRUE,
PELA,905,PELA_905,Basin1981,32,32,14-Jun-12,TRUE,FALSE,FALSE,FALSE,TRUE,near death
PELA,906,PELA_906,Basin1981,32,32,14-Jun-12,TRUE,TRUE,TRUE,TRUE,TRUE,
PELA,907,PELA_907,Basin1981,32,32,14-Jun-12,TRUE,FALSE,TRUE,FALSE,TRUE,"check - in  allometric, but not allocation"
PELA,B-01,PELA_B-01,baby,0.1,0.1,22-Jan-14,FALSE,FALSE,FALSE,FALSE,TRUE,Including results in bad gam fit
PELA,B-02,PELA_B-02,baby,0.1,0.1,22-Jan-14,FALSE,FALSE,FALSE,FALSE,TRUE,Including results in bad gam fit
PELA,B-03,PELA_B-03,baby,0.1,0.1,22-Jan-14,FALSE,FALSE,FALSE,FALSE,TRUE,Including results in bad gam fit
PELA,B-05,PELA_B-05,baby,0.1,0.1,27-Jan-14,FALSE,FALSE,FALSE,FALSE,TRUE,Including results in bad gam fit
PELA,B-06,PELA_B-06,baby,0.1,0.1,27-Jan-14,FALSE,FALSE,FALSE,FALSE,TRUE,Including results in bad gam fit
PELA,B-07,PELA_B-07,baby,0.1,0.1,27-Jan-14,FALSE,FALSE,FALSE,FALSE,TRUE,Including results in bad gam fit
PEPU,1,PEPU_001,Basin2005,7,7,15-Mar-12,TRUE,TRUE,TRUE,TRUE,TRUE,
PEPU,2,PEPU_002,Basin2005,7,7,15-Mar-12,TRUE,TRUE,TRUE,TRUE,TRUE,
PEPU,3,PEPU_003,Basin2005,7,7,16-Mar-12,TRUE,TRUE,TRUE,TRUE,TRUE,
PEPU,4,PEPU_004,Basin2005,7,7,16-Mar-12,TRUE,TRUE,TRUE,TRUE,TRUE,
PEPU,5,PEPU_005,Basin2005,7,7,22-Mar-12,TRUE,TRUE,TRUE,TRUE,TRUE,
PEPU,6,PEPU_006,Basin2005,7,7,22-Mar-12,TRUE,TRUE,TRUE,TRUE,TRUE,
PEPU,7,PEPU_007,Basin2005,7,7,22-Mar-12,TRUE,TRUE,TRUE,TRUE,TRUE,
PEPU,101,PEPU_101,Waratah2011,1.4,1.4,15-Jun-12,FALSE,FALSE,FALSE,FALSE,FALSE,
PEPU,151,PEPU_151,Waratah2011,2.4,2.4,14-Jun-13,FALSE,TRUE,TRUE,TRUE,TRUE,
PEPU,152,PEPU_152,Waratah2011,2.4,2.4,14-Jun-13,FALSE,TRUE,TRUE,TRUE,TRUE,
PEPU,153,PEPU_153,Waratah2011,2.4,2.4,14-Jun-13,FALSE,TRUE,TRUE,TRUE,TRUE,
PEPU,154,PEPU_154,Waratah2011,2.4,2.4,14-Jun-13,FALSE,TRUE,TRUE,TRUE,TRUE,
PEPU,155,PEPU_155,Waratah2011,2.4,2.4,14-Jun-13,FALSE,TRUE,TRUE,TRUE,TRUE,
PEPU,156,PEPU_156,Waratah2011,2.4,2.4,14-Jun-13,FALSE,TRUE,TRUE,TRUE,TRUE,
PEPU,157,PEPU_157,Waratah2011,2.4,2.4,18-Jun-13,FALSE,TRUE,TRUE,TRUE,TRUE,
PEPU,158,PEPU_158,Waratah2011,1.4,1.4,18-Jun-12,FALSE,FALSE,FALSE,FALSE,FALSE,
PEPU,201,PEPU_201,Bobbin2010,3,3,10-May-12,FALSE,FALSE,FALSE,FALSE,TRUE,
PEPU,202,PEPU_202,Bobbin2010,3,3,10-May-12,FALSE,FALSE,FALSE,FALSE,TRUE,
PEPU,203,PEPU_203,Bobbin2010,3,3,10-May-12,FALSE,FALSE,FALSE,FALSE,TRUE,
PEPU,204,PEPU_204,Bobbin2010,3,3,25-May-12,FALSE,FALSE,FALSE,FALSE,TRUE,
PEPU,205,PEPU_205,Bobbin2010,3,3,25-May-12,FALSE,FALSE,FALSE,FALSE,TRUE,
PEPU,206,PEPU_206,Bobbin2010,3,3,25-May-12,FALSE,FALSE,FALSE,FALSE,TRUE,
PEPU,208,PEPU_208,Bobbin2010,3,3,16-Oct-12,FALSE,FALSE,FALSE,FALSE,TRUE,
PEPU,301,PEPU_301,Wilunga2012,1.4,1.35,18-Jun-13,FALSE,TRUE,TRUE,TRUE,TRUE,
PEPU,302,PEPU_302,Wilunga2012,1.4,1.35,18-Jun-13,FALSE,TRUE,TRUE,TRUE,TRUE,
PEPU,303,PEPU_303,Wilunga2012,1.4,1.35,18-Jun-13,FALSE,TRUE,TRUE,TRUE,TRUE,
PEPU,305,PEPU_305,Wilunga2012,1.4,1.35,18-Jun-13,FALSE,TRUE,TRUE,TRUE,TRUE,
PEPU,307,PEPU_307,Wilunga2012,1.4,1.35,18-Jun-13,FALSE,TRUE,TRUE,TRUE,TRUE,
PEPU,310,PEPU_310,Wilunga2012,1.4,1.35,27-Jun-13,FALSE,TRUE,TRUE,TRUE,TRUE,
PEPU,313,PEPU_313,Wilunga2012,1.4,1.35,27-Jun-13,FALSE,TRUE,TRUE,TRUE,TRUE,
PEPU,313,PEPU_313b,Wilunga2012,1.4,1.35,28-Nov-13,FALSE,FALSE,FALSE,FALSE,FALSE,
PEPU,315,PEPU_315,Wilunga2012,1.4,1.35,27-Jun-13,FALSE,TRUE,TRUE,TRUE,TRUE,
PEPU,401,PEPU_401,Basin2007,5,5,20-Apr-12,TRUE,TRUE,FALSE,FALSE,TRUE,
PEPU,403,PEPU_403,Basin2007,5,5,26-Apr-12,FALSE,TRUE,FALSE,FALSE,TRUE,
PEPU,404,PEPU_404,Basin2007,5,5,26-Apr-12,TRUE,TRUE,FALSE,FALSE,TRUE,
PEPU,405,PEPU_405,Basin2007,5,5,26-Apr-12,TRUE,TRUE,FALSE,FALSE,TRUE,
PEPU,406,PEPU_406,Basin2007,5,5,27-Apr-12,FALSE,TRUE,FALSE,FALSE,TRUE,
PEPU,407,PEPU_407,Basin2007,5,5,27-Apr-12,FALSE,TRUE,FALSE,FALSE,TRUE,
PEPU,801,PEPU_801,Waratah2003,9,9,11-May-12,TRUE,TRUE,TRUE,TRUE,TRUE,
PEPU,802,PEPU_802,Waratah2003,9,9,11-May-12,TRUE,TRUE,TRUE,TRUE,TRUE,**check
PEPU,803,PEPU_803,Waratah2003,9,9,11-May-12,TRUE,TRUE,TRUE,TRUE,TRUE,
PEPU,804,PEPU_804,Waratah2003,9,9,11-May-12,TRUE,TRUE,TRUE,TRUE,TRUE,
PEPU,805,PEPU_805,Waratah2003,9,9,17-May-12,TRUE,TRUE,TRUE,TRUE,TRUE,
PEPU,806,PEPU_806,Waratah2003,9,9,17-May-12,TRUE,TRUE,TRUE,TRUE,TRUE,
PEPU,807,PEPU_807,Waratah2003,9,9,18-May-12,TRUE,TRUE,TRUE,TRUE,TRUE,
PEPU,901,PEPU_901,Basin1981,32,32,31-May-12,TRUE,TRUE,TRUE,TRUE,TRUE,
PEPU,902,PEPU_902,Basin1981,32,32,31-May-12,TRUE,TRUE,TRUE,TRUE,TRUE,
PEPU,903,PEPU_903,Basin1981,32,32,31-May-12,TRUE,TRUE,TRUE,TRUE,TRUE,
PEPU,904,PEPU_904,Basin1981,32,32,31-May-12,TRUE,TRUE,TRUE,TRUE,TRUE,
PEPU,905,PEPU_905,Basin1981,32,32,8-Jun-12,TRUE,FALSE,FALSE,FALSE,TRUE,near death
PEPU,906,PEPU_906,Basin1981,32,32,8-Jun-12,TRUE,TRUE,TRUE,TRUE,TRUE,
PEPU,907,PEPU_907,Basin1981,32,32,8-Jun-12,TRUE,TRUE,TRUE,TRUE,TRUE,
PEPU,B-01,PEPU_B-01,baby,0.1,0.1,28-Jun-13,FALSE,TRUE,TRUE,TRUE,TRUE,
PEPU,B-02,PEPU_B-02,baby,0.1,0.1,28-Jun-13,FALSE,TRUE,TRUE,TRUE,TRUE,
PEPU,B-03,PEPU_B-03,baby,0.1,0.1,28-Jun-13,FALSE,TRUE,TRUE,TRUE,TRUE,
PEPU,B-07,PEPU_B-07,baby,0.1,0.1,22-Jan-14,FALSE,TRUE,TRUE,TRUE,TRUE,
PEPU,B-08,PEPU_B-08,baby,0.1,0.1,22-Jan-14,FALSE,TRUE,TRUE,TRUE,TRUE,
PHPH,1,PHPH_001,Basin2005,7,7,15-Mar-12,TRUE,TRUE,TRUE,TRUE,TRUE,
PHPH,2,PHPH_002,Basin2005,7,7,16-Mar-12,FALSE,TRUE,TRUE,TRUE,TRUE,
PHPH,3,PHPH_003,Basin2005,7,7,16-Mar-12,TRUE,TRUE,TRUE,TRUE,TRUE,
PHPH,4,PHPH_004,Basin2005,7,7,22-Mar-12,TRUE,TRUE,TRUE,TRUE,TRUE,
PHPH,5,PHPH_005,Basin2005,7,7,22-Mar-12,TRUE,TRUE,TRUE,TRUE,TRUE,
PHPH,6,PHPH_006,Basin2005,7,7,22-Mar-12,TRUE,TRUE,TRUE,TRUE,TRUE,
PHPH,7,PHPH_007,Basin2005,7,7,23-Mar-12,TRUE,TRUE,TRUE,TRUE,TRUE,
xx,101,PHPH_101,Waratah2011,1.4,1.4,3-May-12,NA,FALSE,FALSE,FALSE,NA,wrong species
xx,103,PHPH_103,Waratah2011,1.4,1.4,3-May-12,NA,FALSE,FALSE,FALSE,NA,wrong species
xx,104,PHPH_104,Waratah2011,1.4,1.4,3-May-12,NA,FALSE,FALSE,FALSE,NA,wrong species
xx,111,PHPH_111,Waratah2011,1.4,1.4,30-Aug-12,NA,FALSE,FALSE,FALSE,NA,wrong species
xx,112,PHPH_112,Waratah2011,1.4,1.4,2-Nov-12,NA,FALSE,FALSE,FALSE,NA,wrong species
xx,151,PHPH_151,Waratah2011,2.4,2.4,,NA,FALSE,FALSE,FALSE,NA,wrong species
xx,152,PHPH_152,Waratah2011,2.4,2.4,,NA,FALSE,FALSE,FALSE,NA,wrong species
xx,153,PHPH_153,Waratah2011,2.4,2.4,,NA,FALSE,FALSE,FALSE,NA,wrong species
xx,154,PHPH_154,Waratah2011,2.4,2.4,,NA,FALSE,FALSE,FALSE,NA,wrong species
xx,155,PHPH_155,Waratah2011,2.4,2.4,,NA,FALSE,FALSE,FALSE,NA,wrong species
xx,156,PHPH_156,Waratah2011,2.4,2.4,,NA,FALSE,FALSE,FALSE,NA,wrong species
xx,157,PHPH_157,Waratah2011,2.4,2.4,,NA,FALSE,FALSE,FALSE,NA,wrong species
xx,157B,PHPH_157B,Waratah2011,2.4,2.4,,NA,FALSE,FALSE,FALSE,NA,wrong species
xx,158,PHPH_158,Waratah2011,2.4,2.4,,NA,FALSE,FALSE,FALSE,NA,wrong species
PHPH,161,PHPH_161,Waratah2011,2.4,2.4,3-Sep-13,FALSE,TRUE,TRUE,TRUE,TRUE,
PHPH,162,PHPH_162,Waratah2011,2.4,2.4,3-Sep-13,FALSE,TRUE,TRUE,TRUE,TRUE,
PHPH,163,PHPH_163,Waratah2011,2.4,2.4,3-Sep-13,FALSE,TRUE,TRUE,TRUE,TRUE,
PHPH,164,PHPH_164,Waratah2011,2.4,2.4,3-Sep-13,FALSE,TRUE,TRUE,TRUE,TRUE,
PHPH,165,PHPH_165,Waratah2011,2.4,2.4,3-Sep-13,FALSE,TRUE,TRUE,TRUE,TRUE,
PHPH,166,PHPH_166,Waratah2011,2.4,2.4,3-Sep-13,FALSE,TRUE,TRUE,TRUE,TRUE,
PHPH,167,PHPH_167,Waratah2011,2.4,2.4,3-Sep-13,FALSE,FALSE,TRUE,FALSE,TRUE,"check - in  allometric, but not allocation"
PHPH,201,PHPH_201,Bobbin2010,3,3,10-May-12,NA,FALSE,FALSE,FALSE,TRUE,
PHPH,202,PHPH_202,Bobbin2010,3,3,10-May-12,NA,FALSE,FALSE,FALSE,TRUE,
PHPH,203,PHPH_203,Bobbin2010,3,3,10-May-12,NA,FALSE,FALSE,FALSE,TRUE,
PHPH,204,PHPH_204,Bobbin2010,3,3,10-May-12,NA,FALSE,FALSE,FALSE,TRUE,
PHPH,205,PHPH_205,Bobbin2010,3,3,10-May-12,NA,FALSE,FALSE,FALSE,TRUE,
PHPH,206,PHPH_206,Bobbin2010,3,3,10-May-12,NA,FALSE,FALSE,FALSE,TRUE,
PHPH,207,PHPH_207,Bobbin2010,3,3,10-May-12,NA,FALSE,FALSE,FALSE,TRUE,
PHPH,401,PHPH_401,Basin2007,5,5,27-Apr-12,TRUE,TRUE,FALSE,FALSE,TRUE,
PHPH,402,PHPH_402,Basin2007,5,5,27-Apr-12,TRUE,TRUE,FALSE,FALSE,TRUE,
PHPH,403,PHPH_403,Basin2007,5,5,27-Apr-12,TRUE,TRUE,FALSE,FALSE,TRUE,
PHPH,404,PHPH_404,Basin2007,5,5,27-Apr-12,TRUE,TRUE,FALSE,FALSE,TRUE,
PHPH,405,PHPH_405,Basin2007,5,5,27-Apr-12,TRUE,TRUE,FALSE,FALSE,TRUE,
PHPH,406,PHPH_406,Basin2007,5,5,27-Apr-12,TRUE,TRUE,FALSE,FALSE,TRUE,
PHPH,407,PHPH_407,Basin2007,5,5,27-Apr-12,TRUE,TRUE,FALSE,FALSE,TRUE,
PHPH,801,PHPH_801,Waratah2003,9,9,11-May-12,TRUE,TRUE,TRUE,TRUE,TRUE,
PHPH,802,PHPH_802,Waratah2003,9,9,11-May-12,TRUE,TRUE,TRUE,TRUE,TRUE,
PHPH,803,PHPH_803,Waratah2003,9,9,11-May-12,TRUE,TRUE,TRUE,TRUE,TRUE,
PHPH,804,PHPH_804,Waratah2003,9,9,11-May-12,TRUE,TRUE,TRUE,TRUE,TRUE,
PHPH,805,PHPH_805,Waratah2003,9,9,15-May-12,TRUE,TRUE,TRUE,TRUE,TRUE,
PHPH,806,PHPH_806,Waratah2003,9,9,17-May-12,TRUE,TRUE,TRUE,TRUE,TRUE,
PHPH,807,PHPH_807,Waratah2003,9,9,17-May-12,TRUE,TRUE,TRUE,TRUE,TRUE,
PHPH,902,PHPH_902,Basin1981,32,32,31-May-12,TRUE,TRUE,TRUE,TRUE,TRUE,
PHPH,903,PHPH_903,Basin1981,32,32,31-May-12,TRUE,TRUE,TRUE,TRUE,TRUE,
PHPH,904,PHPH_904,Basin1981,32,32,31-May-12,TRUE,TRUE,TRUE,TRUE,TRUE,
PHPH,905,PHPH_905,Basin1981,32,32,7-Jun-12,TRUE,TRUE,TRUE,TRUE,TRUE,
PHPH,906,PHPH_906,Basin1981,32,32,7-Jun-12,TRUE,TRUE,TRUE,TRUE,TRUE,
PHPH,907,PHPH_907,Basin1981,32,32,8-Jun-12,TRUE,TRUE,TRUE,TRUE,TRUE,
PHPH,908,PHPH_908,Basin1981,32,32,7-Aug-12,TRUE,TRUE,TRUE,TRUE,TRUE,
PHPH,B-01,PHPH_B-01,baby,0.1,0.1,18-Feb-15,FALSE,TRUE,TRUE,TRUE,TRUE,
PHPH,B-02,PHPH_B-02,baby,0.1,0.1,18-Feb-15,FALSE,TRUE,TRUE,TRUE,TRUE,
PHPH,B-03,PHPH_B-03,baby,0.1,0.1,18-Feb-15,FALSE,TRUE,TRUE,TRUE,TRUE,
PILI,1,PILI_001,Basin2005,7,7,15-Mar-12,TRUE,TRUE,TRUE,TRUE,TRUE,
PILI,2,PILI_002,Basin2005,7,7,16-Mar-12,TRUE,TRUE,TRUE,TRUE,TRUE,
PILI,3,PILI_003,Basin2005,7,7,16-Mar-12,TRUE,TRUE,TRUE,TRUE,TRUE,
PILI,4,PILI_004,Basin2005,7,7,16-Mar-12,TRUE,TRUE,TRUE,TRUE,TRUE,
PILI,5,PILI_005,Basin2005,7,7,22-Mar-12,TRUE,TRUE,TRUE,TRUE,TRUE,
PILI,6,PILI_006,Basin2005,7,7,22-Mar-12,TRUE,TRUE,TRUE,TRUE,TRUE,
PILI,7,PILI_007,Basin2005,7,7,23-Mar-12,TRUE,TRUE,TRUE,TRUE,TRUE,
PILI,102,PILI_102,Waratah2011,1.4,1.4,4-May-12,FALSE,TRUE,TRUE,TRUE,TRUE,
PILI,105,PILI_105,Waratah2011,1.4,1.4,4-May-12,TRUE,TRUE,TRUE,TRUE,TRUE,
PILI,107,PILI_107,Waratah2011,1.4,1.4,4-May-12,TRUE,TRUE,TRUE,TRUE,TRUE,
PILI,108,PILI_108,Waratah2011,1.4,1.4,15-Jun-12,FALSE,TRUE,TRUE,TRUE,TRUE,
PILI,109,PILI_109,Waratah2011,1.4,1.4,15-Jun-12,FALSE,TRUE,TRUE,TRUE,TRUE,
PILI,110,PILI_110,Waratah2011,1.4,1.4,15-Jun-12,FALSE,TRUE,TRUE,TRUE,TRUE,
PILI,111,PILI_111,Waratah2011,1.4,1.4,30-Aug-12,FALSE,TRUE,TRUE,TRUE,TRUE,
PILI,151,PILI_151,Waratah2011,2.4,2.4,14-Jun-13,FALSE,TRUE,TRUE,TRUE,TRUE,
PILI,152,PILI_152,Waratah2011,2.4,2.4,14-Jun-13,TRUE,TRUE,TRUE,TRUE,TRUE,
PILI,153,PILI_153,Waratah2011,2.4,2.4,18-Jun-13,TRUE,TRUE,TRUE,TRUE,TRUE,
PILI,154,PILI_154,Waratah2011,2.4,2.4,18-Jun-13,TRUE,TRUE,TRUE,TRUE,TRUE,
PILI,155,PILI_155,Waratah2011,2.4,2.4,18-Jun-13,TRUE,TRUE,TRUE,TRUE,TRUE,
PILI,156,PILI_156,Waratah2011,2.4,2.4,,TRUE,FALSE,FALSE,FALSE,FALSE,
PILI,157,PILI_157,Waratah2011,2.4,2.4,,NA,FALSE,FALSE,FALSE,FALSE,plant missing
PILI,161,PILI_161,Waratah2011,2.4,2.4,3-Sep-13,TRUE,TRUE,TRUE,TRUE,TRUE,
PILI,201,PILI_201,Bobbin2010,3,3,10-May-12,NA,FALSE,FALSE,FALSE,TRUE,
PILI,202,PILI_202,Bobbin2010,3,3,10-May-12,NA,FALSE,FALSE,FALSE,TRUE,
PILI,203,PILI_203,Bobbin2010,3,3,10-May-12,NA,FALSE,FALSE,FALSE,TRUE,
PILI,204,PILI_204,Bobbin2010,3,3,10-May-12,NA,FALSE,FALSE,FALSE,TRUE,
PILI,205,PILI_205,Bobbin2010,3,3,25-May-12,NA,FALSE,FALSE,FALSE,TRUE,
PILI,206,PILI_206,Bobbin2010,3,3,25-May-12,NA,FALSE,FALSE,FALSE,TRUE,
PILI,207,PILI_207,Bobbin2010,3,3,25-May-12,NA,FALSE,FALSE,FALSE,TRUE,
PILI,303,PILI_303,Wilunga2012,1.4,1.35,27-Jun-13,FALSE,TRUE,TRUE,TRUE,TRUE,
PILI,304,PILI_304,Wilunga2012,1.4,1.35,27-Jun-13,FALSE,TRUE,TRUE,TRUE,TRUE,
PILI,305,PILI_305,Wilunga2012,1.4,1.35,27-Jun-13,TRUE,TRUE,TRUE,TRUE,TRUE,
PILI,306,PILI_306,Wilunga2012,1.4,1.35,27-Jun-13,FALSE,TRUE,TRUE,TRUE,TRUE,
PILI,310,PILI_310,Wilunga2012,1.4,1.35,27-Jun-13,FALSE,TRUE,TRUE,TRUE,TRUE,
PILI,312,PILI_312,Wilunga2012,1.4,1.35,27-Jun-13,FALSE,TRUE,TRUE,TRUE,TRUE,
PILI,313,PILI_313,Wilunga2012,1.4,1.35,28-Jun-13,FALSE,TRUE,TRUE,TRUE,TRUE,
PILI,316,PILI_316,Wilunga2012,1.4,1.35,28-Jun-13,FALSE,TRUE,TRUE,TRUE,TRUE,
PILI,401,PILI_401,Basin2007,5,5,20-Apr-12,TRUE,TRUE,FALSE,FALSE,TRUE,
PILI,402,PILI_402,Basin2007,5,5,20-Apr-12,TRUE,TRUE,FALSE,FALSE,TRUE,
PILI,403,PILI_403,Basin2007,5,5,20-Apr-12,,FALSE,FALSE,FALSE,TRUE,plant repeatedly nipped and with almost no leaves
PILI,404,PILI_404,Basin2007,5,5,26-Apr-12,TRUE,TRUE,FALSE,FALSE,TRUE,
PILI,405,PILI_405,Basin2007,5,5,26-Apr-12,TRUE,TRUE,FALSE,FALSE,TRUE,
PILI,406,PILI_406,Basin2007,5,5,26-Apr-12,TRUE,TRUE,FALSE,FALSE,TRUE,
PILI,407,PILI_407,Basin2007,5,5,27-Apr-12,TRUE,TRUE,FALSE,FALSE,TRUE,
PILI,801,PILI_801,Waratah2003,9,9,17-May-12,TRUE,FALSE,FALSE,FALSE,FALSE,
PILI,802,PILI_802,Waratah2003,9,9,15-May-12,,FALSE,FALSE,FALSE,FALSE,
PILI,803,PILI_803,Waratah2003,9,9,15-May-12,TRUE,FALSE,FALSE,FALSE,TRUE,
PILI,804,PILI_804,Waratah2003,9,9,17-May-12,,FALSE,FALSE,FALSE,TRUE,
PILI,805,PILI_805,Waratah2003,9,9,17-May-12,,FALSE,FALSE,FALSE,TRUE,
PILI,807,PILI_807,Waratah2003,9,9,18-May-12,,FALSE,FALSE,FALSE,FALSE,
PILI,901,PILI_901,Basin1981,32,32,7-Jun-12,TRUE,FALSE,FALSE,FALSE,FALSE,
PILI,902,PILI_902,Basin1981,32,32,7-Jun-12,TRUE,FALSE,FALSE,FALSE,TRUE,
PILI,903,PILI_903,Basin1981,32,32,14-Jun-12,TRUE,FALSE,FALSE,FALSE,TRUE,
PILI,904,PILI_904,Basin1981,32,32,28-Jun-12,,FALSE,FALSE,FALSE,FALSE,
PILI,905,PILI_905,Basin1981,32,32,28-Jun-12,,FALSE,FALSE,FALSE,FALSE,
PILI,906,PILI_906,Basin1981,32,32,28-Jun-12,,FALSE,FALSE,FALSE,FALSE,
PILI,907,PILI_907,Basin1981,32,32,28-Jun-12,,FALSE,FALSE,FALSE,FALSE,
PILI,B-01,PILI_B-01,baby,0.1,0.1,22-Jan-14,FALSE,TRUE,TRUE,TRUE,TRUE,
PILI,B-02,PILI_B-02,baby,0.1,0.1,27-Jan-14,FALSE,TRUE,TRUE,TRUE,TRUE,
PILI,B-03,PILI_B-03,baby,0.1,0.1,27-Jan-14,FALSE,TRUE,TRUE,TRUE,TRUE,
PILI,B-04,PILI_B-04,baby,0.1,0.1,27-Jan-14,FALSE,TRUE,TRUE,TRUE,TRUE,
PILI,B-05,PILI_B-05,baby,0.1,0.1,27-Jan-14,FALSE,TRUE,TRUE,TRUE,TRUE,
PILI,B-06,PILI_B-06,baby,0.1,0.1,27-Jan-14,FALSE,TRUE,TRUE,TRUE,TRUE,
PUTU,1,PUTU_001,Basin2005,7,7,15-Mar-12,TRUE,TRUE,TRUE,TRUE,TRUE,
PUTU,2,PUTU_002,Basin2005,7,7,1-May-12,TRUE,TRUE,TRUE,TRUE,TRUE,
PUTU,3,PUTU_003,Basin2005,7,7,3-May-12,TRUE,TRUE,TRUE,TRUE,TRUE,
PUTU,4,PUTU_004,Basin2005,7,7,3-May-12,TRUE,TRUE,TRUE,TRUE,TRUE,
PUTU,5,PUTU_005,Basin2005,7,7,3-May-12,TRUE,TRUE,TRUE,TRUE,TRUE,
PUTU,6,PUTU_006,Basin2005,7,7,3-May-12,TRUE,TRUE,TRUE,TRUE,TRUE,
PUTU,7,PUTU_007,Basin2005,7,7,3-May-12,TRUE,TRUE,TRUE,TRUE,TRUE,
PUTU,101,PUTU_101,Waratah2011,1.4,1.4,4-May-12,FALSE,TRUE,TRUE,TRUE,TRUE,
PUTU,102,PUTU_102,Waratah2011,1.4,1.4,4-May-12,FALSE,TRUE,TRUE,TRUE,TRUE,
PUTU,103,PUTU_103,Waratah2011,1.4,1.4,4-May-12,FALSE,TRUE,TRUE,TRUE,TRUE,
PUTU,105,PUTU_105,Waratah2011,1.4,1.4,4-May-12,FALSE,TRUE,TRUE,TRUE,TRUE,
PUTU,106,PUTU_106,Waratah2011,1.4,1.4,4-May-12,FALSE,TRUE,TRUE,TRUE,TRUE,
PUTU,107,PUTU_107,Waratah2011,1.4,1.4,4-May-12,FALSE,TRUE,TRUE,TRUE,TRUE,
PUTU,108,PUTU_108,Waratah2011,1.4,1.4,9-Aug-12,FALSE,TRUE,TRUE,TRUE,TRUE,
PUTU,109,PUTU_109,Waratah2011,1.4,1.4,30-Aug-12,FALSE,TRUE,TRUE,TRUE,TRUE,
PUTU,151,PUTU_151,Waratah2011,2.4,2.4,14-Jun-13,FALSE,TRUE,TRUE,TRUE,TRUE,
PUTU,152,PUTU_152,Waratah2011,2.4,2.4,14-Jun-13,TRUE,TRUE,TRUE,TRUE,TRUE,
PUTU,153,PUTU_153,Waratah2011,2.4,2.4,14-Jun-13,FALSE,TRUE,TRUE,TRUE,TRUE,
PUTU,154,PUTU_154,Waratah2011,2.4,2.4,14-Jun-13,TRUE,TRUE,TRUE,TRUE,TRUE,
PUTU,155,PUTU_155,Waratah2011,2.4,2.4,14-Jun-13,TRUE,TRUE,TRUE,TRUE,TRUE,
PUTU,156,PUTU_156,Waratah2011,2.4,2.4,14-Jun-13,TRUE,TRUE,TRUE,TRUE,TRUE,
PUTU,157,PUTU_157,Waratah2011,2.4,2.4,18-Jun-13,TRUE,TRUE,TRUE,TRUE,TRUE,
PUTU,201,PUTU_201,Bobbin2010,3,3,10-May-12,NA,FALSE,FALSE,FALSE,TRUE,
PUTU,202,PUTU_202,Bobbin2010,3,3,10-May-12,NA,FALSE,FALSE,FALSE,TRUE,
PUTU,203,PUTU_203,Bobbin2010,3,3,10-May-12,NA,FALSE,FALSE,FALSE,TRUE,
PUTU,204,PUTU_204,Bobbin2010,3,3,10-May-12,NA,FALSE,FALSE,FALSE,TRUE,
PUTU,205,PUTU_205,Bobbin2010,3,3,10-May-12,NA,FALSE,FALSE,FALSE,TRUE,
PUTU,206,PUTU_206,Bobbin2010,3,3,10-May-12,NA,FALSE,FALSE,FALSE,TRUE,
PUTU,207,PUTU_207,Bobbin2010,3,3,10-May-12,NA,FALSE,FALSE,FALSE,TRUE,
PUTU,301,PUTU_301,Wilunga2012,1.4,1.35,18-Jun-13,FALSE,TRUE,TRUE,TRUE,TRUE,
PUTU,302,PUTU_302,Wilunga2012,1.4,1.35,18-Jun-13,FALSE,TRUE,TRUE,TRUE,TRUE,
PUTU,303,PUTU_303,Wilunga2012,1.4,1.35,18-Jun-13,FALSE,TRUE,TRUE,TRUE,TRUE,
PUTU,304,PUTU_304,Wilunga2012,1.4,1.35,18-Jun-13,FALSE,TRUE,TRUE,TRUE,TRUE,
PUTU,305,PUTU_305,Wilunga2012,1.4,1.35,18-Jun-13,FALSE,TRUE,TRUE,TRUE,TRUE,
PUTU,307,PUTU_307,Wilunga2012,1.4,1.35,18-Jun-13,FALSE,TRUE,TRUE,TRUE,TRUE,
PUTU,308,PUTU_308,Wilunga2012,1.4,1.35,27-Jun-13,FALSE,TRUE,TRUE,TRUE,TRUE,
PUTU,309,PUTU_309,Wilunga2012,1.4,1.35,27-Jun-13,FALSE,TRUE,TRUE,TRUE,TRUE,
PUTU,401,PUTU_401,Basin2007,5,5,26-Apr-12,TRUE,TRUE,FALSE,FALSE,TRUE,
PUTU,402,PUTU_402,Basin2007,5,5,26-Apr-12,TRUE,TRUE,FALSE,FALSE,TRUE,
PUTU,403,PUTU_403,Basin2007,5,5,26-Apr-12,TRUE,TRUE,FALSE,FALSE,TRUE,
PUTU,404,PUTU_404,Basin2007,5,5,26-Apr-12,TRUE,TRUE,FALSE,FALSE,TRUE,
PUTU,405,PUTU_405,Basin2007,5,5,26-Apr-12,TRUE,TRUE,FALSE,FALSE,TRUE,
PUTU,406,PUTU_406,Basin2007,5,5,26-Apr-12,TRUE,TRUE,FALSE,FALSE,TRUE,
PUTU,407,PUTU_407,Basin2007,5,5,27-Apr-12,TRUE,TRUE,FALSE,FALSE,TRUE,
PUTU,801,PUTU_801,Waratah2003,9,9,11-May-12,TRUE,TRUE,TRUE,TRUE,TRUE,
PUTU,802,PUTU_802,Waratah2003,9,9,11-May-12,TRUE,TRUE,TRUE,TRUE,TRUE,
PUTU,803,PUTU_803,Waratah2003,9,9,11-May-12,TRUE,TRUE,TRUE,TRUE,TRUE,
PUTU,804,PUTU_804,Waratah2003,9,9,15-May-12,TRUE,TRUE,TRUE,TRUE,TRUE,
PUTU,805,PUTU_805,Waratah2003,9,9,15-May-12,TRUE,TRUE,TRUE,TRUE,TRUE,
PUTU,806,PUTU_806,Waratah2003,9,9,15-May-12,TRUE,TRUE,TRUE,TRUE,TRUE,
PUTU,807,PUTU_807,Waratah2003,9,9,15-May-12,TRUE,TRUE,TRUE,TRUE,TRUE,
PUTU,902,PUTU_902,Basin1981,32,32,7-Jun-12,TRUE,TRUE,TRUE,TRUE,TRUE,
PUTU,903,PUTU_903,Basin1981,32,32,7-Jun-12,TRUE,TRUE,TRUE,TRUE,TRUE,
PUTU,904,PUTU_904,Basin1981,32,32,7-Jun-12,TRUE,FALSE,FALSE,FALSE,FALSE,"omit, because almost no leaves on plant"
PUTU,905,PUTU_905,Basin1981,32,32,7-Jun-12,TRUE,TRUE,TRUE,TRUE,TRUE,
PUTU,906,PUTU_906,Basin1981,32,32,7-Jun-12,TRUE,TRUE,TRUE,TRUE,TRUE,
PUTU,907,PUTU_907,Basin1981,32,32,8-Jun-12,TRUE,TRUE,TRUE,TRUE,TRUE,
PUTU,908,PUTU_908,Basin1981,32,32,7-Aug-12,TRUE,TRUE,TRUE,TRUE,TRUE,
PUTU,B-01,PUTU_B-01,baby,0.1,0.1,28-Jun-13,FALSE,TRUE,TRUE,TRUE,TRUE,
PUTU,B-02,PUTU_B-02,baby,0.1,0.1,28-Jun-13,FALSE,TRUE,TRUE,TRUE,TRUE,
PUTU,B-03,PUTU_B-03,baby,0.1,0.1,28-Jun-13,FALSE,TRUE,TRUE,TRUE,TRUE,
PUTU,B-04,PUTU_B-04,baby,0.1,0.1,28-Jun-13,FALSE,TRUE,TRUE,TRUE,TRUE,
PUTU,B-05,PUTU_B-05,baby,0.1,0.1,28-Jun-13,FALSE,TRUE,TRUE,TRUE,TRUE,
BAER,304,BAER_304,Wilunga2012,0.5,0.5,,FALSE,FALSE,FALSE,FALSE,,
BAER,305,BAER_305,Wilunga2012,0.5,0.5,,FALSE,FALSE,FALSE,FALSE,,
BAER,307,BAER_307,Wilunga2012,0.5,0.5,,FALSE,FALSE,FALSE,FALSE,,
BAER,310,BAER_310,Wilunga2012,0.85,0.85,,FALSE,FALSE,FALSE,FALSE,,
BAER,312,BAER_312,Wilunga2012,0.5,0.5,,FALSE,FALSE,FALSE,FALSE,,
BAER,313,BAER_313,Wilunga2012,0.5,0.5,,FALSE,FALSE,FALSE,FALSE,,
BAER,314,BAER_314,Wilunga2012,0.5,0.5,,FALSE,FALSE,FALSE,FALSE,,
BOLE,301,BOLE_301,Wilunga2012,0.5,0.5,,NA,FALSE,FALSE,FALSE,,
BOLE,302,BOLE_302,Wilunga2012,0.5,0.5,,NA,FALSE,FALSE,FALSE,,
BOLE,304,BOLE_304,Wilunga2012,0.5,0.5,,NA,FALSE,FALSE,FALSE,,
BOLE,309,BOLE_309,Wilunga2012,0.5,0.5,,NA,FALSE,FALSE,FALSE,,
BOLE,310,BOLE_310,Wilunga2012,0.5,0.5,,NA,FALSE,FALSE,FALSE,,
BOLE,311,BOLE_311,Wilunga2012,0.5,0.5,,NA,FALSE,FALSE,FALSE,,
BOLE,312,BOLE_312,Wilunga2012,0.5,0.5,,NA,FALSE,FALSE,FALSE,,
BOLE,314,BOLE_314,Wilunga2012,0.5,0.5,,NA,FALSE,FALSE,FALSE,,
BOLE,315,BOLE_315,Wilunga2012,0.5,0.5,,NA,FALSE,FALSE,FALSE,,
COER,302,COER_302,Wilunga2012,0.5,0.5,,FALSE,FALSE,FALSE,FALSE,FALSE,
COER,303,COER_303,Wilunga2012,0.5,0.5,,FALSE,FALSE,FALSE,FALSE,FALSE,
COER,304,COER_304,Wilunga2012,0.5,0.5,,FALSE,FALSE,FALSE,FALSE,FALSE,
COER,305,COER_305,Wilunga2012,0.5,0.5,,FALSE,FALSE,FALSE,FALSE,FALSE,
COER,306,COER_306,Wilunga2012,0.5,0.5,,FALSE,FALSE,FALSE,FALSE,FALSE,
COER,307,COER_307,Wilunga2012,0.5,0.5,,FALSE,FALSE,FALSE,FALSE,FALSE,
COER,308,COER_308,Wilunga2012,0.5,0.5,,FALSE,FALSE,FALSE,FALSE,FALSE,
COER,309,COER_309,Wilunga2012,0.5,0.5,,FALSE,FALSE,FALSE,FALSE,FALSE,
COER,325,COER_325,Wilunga2012,0.5,0.5,,FALSE,FALSE,FALSE,FALSE,FALSE,
COER,326,COER_326,Wilunga2012,0.5,0.5,,FALSE,FALSE,FALSE,FALSE,FALSE,
COER,328,COER_328,Wilunga2012,0.5,0.5,,FALSE,FALSE,FALSE,FALSE,FALSE,
EPMI,301,EPMI_301,Wilunga2012,0.85,0.85,,FALSE,FALSE,FALSE,FALSE,,
EPMI,303,EPMI_303,Wilunga2012,0.5,0.5,,FALSE,FALSE,FALSE,FALSE,,
EPMI,305,EPMI_305,Wilunga2012,0.5,0.5,,FALSE,FALSE,FALSE,FALSE,,
EPMI,306,EPMI_306,Wilunga2012,0.5,0.5,,FALSE,FALSE,FALSE,FALSE,,
EPMI,308,EPMI_308,Wilunga2012,0.5,0.5,,FALSE,FALSE,FALSE,FALSE,,
EPMI,309,EPMI_309,Wilunga2012,0.5,0.5,,FALSE,FALSE,FALSE,FALSE,,
EPMI,315,EPMI_315,Wilunga2012,0.5,0.5,,FALSE,FALSE,FALSE,FALSE,,
EPMI,316,EPMI_316,Wilunga2012,0.5,0.5,,FALSE,FALSE,FALSE,FALSE,,
GRBU,301,GRBU_301,Wilunga2012,0.5,0.5,,NA,FALSE,FALSE,FALSE,TRUE,
GRBU,302,GRBU_302,Wilunga2012,0.5,0.5,,NA,FALSE,FALSE,FALSE,TRUE,
GRBU,303,GRBU_303,Wilunga2012,0.5,0.5,,NA,FALSE,FALSE,FALSE,TRUE,
GRBU,304,GRBU_304,Wilunga2012,0.5,0.5,,NA,FALSE,FALSE,FALSE,TRUE,
GRBU,309,GRBU_309,Wilunga2012,0.5,0.5,,NA,FALSE,FALSE,FALSE,TRUE,
GRBU,314,GRBU_314,Wilunga2012,0.5,0.5,,NA,FALSE,FALSE,FALSE,TRUE,
GRBU,315,GRBU_315,Wilunga2012,0.5,0.5,,NA,FALSE,FALSE,FALSE,TRUE,
GRBU,316,GRBU_316,Wilunga2012,0.5,0.5,,NA,FALSE,FALSE,FALSE,TRUE,
GRSP,303,GRSP_303,Wilunga2012,0.5,0.5,,NA,FALSE,FALSE,FALSE,,
GRSP,304,GRSP_304,Wilunga2012,0.5,0.5,,NA,FALSE,FALSE,FALSE,,
GRSP,305,GRSP_305,Wilunga2012,0.5,0.5,,NA,FALSE,FALSE,FALSE,,
GRSP,308,GRSP_308,Wilunga2012,0.5,0.5,,NA,FALSE,FALSE,FALSE,,
GRSP,309,GRSP_309,Wilunga2012,0.5,0.5,,NA,FALSE,FALSE,FALSE,,
GRSP,310,GRSP_310,Wilunga2012,0.5,0.5,,NA,FALSE,FALSE,FALSE,,
GRSP,311,GRSP_311,Wilunga2012,0.5,0.5,,NA,FALSE,FALSE,FALSE,,
GRSP,313,GRSP_313,Wilunga2012,0.5,0.5,,NA,FALSE,FALSE,FALSE,,
HATE,301,HATE_301,Wilunga2012,0.5,0.5,,FALSE,FALSE,FALSE,FALSE,TRUE,
HATE,303,HATE_303,Wilunga2012,0.5,0.5,,FALSE,FALSE,FALSE,FALSE,TRUE,
HATE,305,HATE_305,Wilunga2012,0.5,0.5,,FALSE,FALSE,FALSE,FALSE,TRUE,
HATE,309,HATE_309,Wilunga2012,0.5,0.5,,FALSE,FALSE,FALSE,FALSE,TRUE,
HATE,313,HATE_313,Wilunga2012,0.5,0.5,,FALSE,FALSE,FALSE,FALSE,TRUE,
HATE,314,HATE_314,Wilunga2012,0.5,0.5,,FALSE,FALSE,FALSE,FALSE,TRUE,
HATE,315,HATE_315,Wilunga2012,0.5,0.5,,FALSE,FALSE,FALSE,FALSE,TRUE,
HATE,316,HATE_316,Wilunga2012,0.5,0.5,,FALSE,FALSE,FALSE,FALSE,TRUE,
xx,301,HEPU_301,Wilunga2012,0.5,0.5,,NA,FALSE,FALSE,FALSE,NA,wrong species
xx,302,HEPU_302,Wilunga2012,0.85,0.85,,NA,FALSE,FALSE,FALSE,NA,wrong species
xx,305,HEPU_305,Wilunga2012,0.5,0.5,,NA,FALSE,FALSE,FALSE,NA,wrong species
xx,306,HEPU_306,Wilunga2012,0.5,0.5,,NA,FALSE,FALSE,FALSE,NA,wrong species
xx,307,HEPU_307,Wilunga2012,0.5,0.5,,NA,FALSE,FALSE,FALSE,NA,wrong species
xx,308,HEPU_308,Wilunga2012,0.5,0.5,,NA,FALSE,FALSE,FALSE,NA,wrong species
xx,309,HEPU_309,Wilunga2012,0.5,0.5,,NA,FALSE,FALSE,FALSE,NA,wrong species
xx,310,HEPU_310,Wilunga2012,0.5,0.5,,NA,FALSE,FALSE,FALSE,NA,wrong species
xx,311,HEPU_311,Wilunga2012,0.5,0.5,,NA,FALSE,FALSE,FALSE,NA,wrong species
xx,312,HEPU_312,Wilunga2012,0.5,0.5,,NA,FALSE,FALSE,FALSE,NA,wrong species
xx,303,LEES_303,Wilunga2012,0.5,0.5,,NA,FALSE,FALSE,FALSE,NA,wrong species
xx,304,LEES_304,Wilunga2012,0.5,0.5,,NA,FALSE,FALSE,FALSE,NA,wrong species
xx,305,LEES_305,Wilunga2012,0.5,0.5,,NA,FALSE,FALSE,FALSE,NA,wrong species
xx,306,LEES_306,Wilunga2012,0.5,0.5,,NA,FALSE,FALSE,FALSE,NA,wrong species
xx,307,LEES_307,Wilunga2012,0.5,0.5,,NA,FALSE,FALSE,FALSE,NA,wrong species
xx,308,LEES_308,Wilunga2012,0.5,0.5,,NA,FALSE,FALSE,FALSE,NA,wrong species
xx,309,LEES_309,Wilunga2012,0.5,0.5,,NA,FALSE,FALSE,FALSE,NA,wrong species
xx,310,LEES_310,Wilunga2012,0.5,0.5,,NA,FALSE,FALSE,FALSE,NA,wrong species
xx,311,LEES_311,Wilunga2012,0.5,0.5,,NA,FALSE,FALSE,FALSE,NA,wrong species
xx,312,LEES_312,Wilunga2012,0.5,0.5,,NA,FALSE,FALSE,FALSE,NA,wrong species
xx,313,LEES_313,Wilunga2012,0.5,0.5,,NA,FALSE,FALSE,FALSE,NA,wrong species
xx,314,LEES_314,Wilunga2012,0.5,0.5,,NA,FALSE,FALSE,FALSE,NA,wrong species
xx,315,LEES_315,Wilunga2012,0.5,0.5,,NA,FALSE,FALSE,FALSE,NA,wrong species
xx,316,LEES_316,Wilunga2012,0.5,0.5,,NA,FALSE,FALSE,FALSE,NA,wrong species
PELA,304,PELA_304,Wilunga2012,0.5,0.5,,FALSE,FALSE,FALSE,FALSE,,
PELA,307,PELA_307,Wilunga2012,0.5,0.5,,FALSE,FALSE,FALSE,FALSE,,
PELA,310,PELA_310,Wilunga2012,0.5,0.5,,FALSE,FALSE,FALSE,FALSE,,
PELA,311,PELA_311,Wilunga2012,0.5,0.5,,FALSE,FALSE,FALSE,FALSE,,
PELA,312,PELA_312,Wilunga2012,0.5,0.5,,FALSE,FALSE,FALSE,FALSE,,
PELA,323,PELA_323,Wilunga2012,0.5,0.5,,FALSE,FALSE,FALSE,FALSE,,
PELA,324,PELA_324,Wilunga2012,0.5,0.5,,FALSE,FALSE,FALSE,FALSE,,
PELA,325,PELA_325,Wilunga2012,0.5,0.5,,FALSE,FALSE,FALSE,FALSE,,
PEPU,306,PEPU_306,Wilunga2012,0.5,0.5,,FALSE,FALSE,FALSE,FALSE,,
PEPU,308,PEPU_308,Wilunga2012,0.85,0.85,,FALSE,FALSE,FALSE,FALSE,,
PEPU,309,PEPU_309,Wilunga2012,0.85,0.85,,FALSE,FALSE,FALSE,FALSE,,
PEPU,311,PEPU_311,Wilunga2012,0.5,0.5,,FALSE,FALSE,FALSE,FALSE,,
PEPU,312,PEPU_312,Wilunga2012,0.5,0.5,,FALSE,FALSE,FALSE,FALSE,,
PEPU,313,PEPU_313b,Wilunga2012,1,1,,FALSE,FALSE,FALSE,FALSE,FALSE,
PEPU,314,PEPU_314,Wilunga2012,0.5,0.5,,FALSE,FALSE,FALSE,FALSE,,
PEPU,316,PEPU_316,Wilunga2012,0.5,0.5,,FALSE,FALSE,FALSE,FALSE,,
xx,301,PHPH_301,Wilunga2012,0.5,0.5,,NA,FALSE,FALSE,FALSE,NA,wrong species
xx,302,PHPH_302,Wilunga2012,0.5,0.5,,NA,FALSE,FALSE,FALSE,NA,wrong species
xx,303,PHPH_303,Wilunga2012,0.5,0.5,,NA,FALSE,FALSE,FALSE,NA,wrong species
xx,304,PHPH_304,Wilunga2012,0.5,0.5,,NA,FALSE,FALSE,FALSE,NA,wrong species
xx,305,PHPH_305,Wilunga2012,0.5,0.5,,NA,FALSE,FALSE,FALSE,NA,wrong species
xx,306,PHPH_306,Wilunga2012,0.5,0.5,,NA,FALSE,FALSE,FALSE,NA,wrong species
xx,307A,PHPH_307A,Wilunga2012,0.5,0.5,,NA,FALSE,FALSE,FALSE,NA,wrong species
xx,307B,PHPH_307B,Wilunga2012,0.5,0.5,,NA,FALSE,FALSE,FALSE,NA,wrong species
xx,308A,PHPH_308A,Wilunga2012,0.5,0.5,,NA,FALSE,FALSE,FALSE,NA,wrong species
xx,308B,PHPH_308B,Wilunga2012,0.5,0.5,,NA,FALSE,FALSE,FALSE,NA,wrong species
xx,309,PHPH_309,Wilunga2012,0.5,0.5,,NA,FALSE,FALSE,FALSE,NA,wrong species
xx,310,PHPH_310,Wilunga2012,0.5,0.5,,NA,FALSE,FALSE,FALSE,NA,wrong species
xx,311A,PHPH_311A,Wilunga2012,0.5,0.5,,NA,FALSE,FALSE,FALSE,NA,wrong species
xx,311B,PHPH_311B,Wilunga2012,0.5,0.5,,NA,FALSE,FALSE,FALSE,NA,wrong species
xx,312,PHPH_312,Wilunga2012,0.5,0.5,,NA,FALSE,FALSE,FALSE,NA,wrong species
xx,313,PHPH_313,Wilunga2012,0.5,0.5,,NA,FALSE,FALSE,FALSE,NA,wrong species
xx,314,PHPH_314,Wilunga2012,0.5,0.5,,NA,FALSE,FALSE,FALSE,NA,wrong species
xx,315,PHPH_315,Wilunga2012,0.5,0.5,,NA,FALSE,FALSE,FALSE,NA,wrong species
xx,316,PHPH_316,Wilunga2012,0.5,0.5,,NA,FALSE,FALSE,FALSE,NA,wrong species
xx,320,PHPH_320,Wilunga2012,0.5,0.5,,NA,FALSE,FALSE,FALSE,NA,wrong species
xx,321,PHPH_321,Wilunga2012,0.5,0.5,,NA,FALSE,FALSE,FALSE,NA,wrong species
PILI,301,PILI_301,Wilunga2012,0.5,0.5,,NA,FALSE,FALSE,FALSE,,
PILI,302,PILI_302,Wilunga2012,0.5,0.5,,NA,FALSE,FALSE,FALSE,,
PILI,307,PILI_307,Wilunga2012,0.5,0.5,,NA,FALSE,FALSE,FALSE,,
PILI,308,PILI_308,Wilunga2012,0.5,0.5,,NA,FALSE,FALSE,FALSE,,
PILI,309,PILI_309,Wilunga2012,0.5,0.5,,NA,FALSE,FALSE,FALSE,,
PILI,311,PILI_311,Wilunga2012,0.5,0.5,,NA,FALSE,FALSE,FALSE,,
PILI,314,PILI_314,Wilunga2012,0.5,0.5,,NA,FALSE,FALSE,FALSE,,
PILI,315,PILI_315,Wilunga2012,0.5,0.5,,NA,FALSE,FALSE,FALSE,,
PUTU,306,PUTU_306,Wilunga2012,0.5,0.5,,FALSE,FALSE,FALSE,FALSE,,
PUTU,310,PUTU_310,Wilunga2012,0.85,0.85,,FALSE,FALSE,FALSE,FALSE,,
PUTU,311,PUTU_311,Wilunga2012,0.5,0.5,,FALSE,FALSE,FALSE,FALSE,,
PUTU,312,PUTU_312,Wilunga2012,0.85,0.85,,FALSE,FALSE,FALSE,FALSE,,
PUTU,313,PUTU_313,Wilunga2012,0.5,0.5,,FALSE,FALSE,FALSE,FALSE,,
PUTU,314,PUTU_314,Wilunga2012,0.5,0.5,,FALSE,FALSE,FALSE,FALSE,,
PUTU,315,PUTU_315,Wilunga2012,0.5,0.5,,FALSE,FALSE,FALSE,FALSE,,
PUTU,316,PUTU_316,Wilunga2012,0.5,0.5,,FALSE,FALSE,FALSE,FALSE,,
