sort,species,replicate,use,type,branch,length_mm,stem_weight_mg*10,leaf_count,count_per_stem_length,diameter_base,diameter_top,notes,percent_shed,tip_weight_mg*10,leaf_weight_mg*10,image_file,total_leaf_area,area_per_leaf,area_per_stem_length
735,BAER,B,no,tip,1.1.TIP,4,237,,,,, ,,,,,,,
736,BAER,B,no,tip,1.3.TIP,5,231,,,,, ,,,,,,,
734,BAER,B,no,tip,1.4.TIP,5,374,,,,, ,,,,,,,
733,BAER,B,no,tip,1.6.TIP,2,99,,,,, ,,,,,,,
732,BAER,B,no,tip,1.7.TIP,2,170,,,,, ,,,,,,,
738,BAER,D,no,tip,1.1.3.TIP,2,115,,,,, ,,,,,,,
739,BAER,D,no,tip,1.1.5.TIP,1,85,,,,, ,,,,,,,
737,BAER,D,no,tip,1.1.TIP,1,145,,,,, ,,,,,,,
743,BAER,D,no,tip,1.2.2.TIP,2,70,,,,, ,,,,,,,
744,BAER,D,no,,1.2.5,37,101,,,64,57, ,,,1139,,,,
745,BAER,E,no,,1.2,185,5349,,,107,,"2-PRONGED BRANCH, WITH LEAVES & TIPS ",,,,,,,
746,BAER,E,no,,1.3,263,8611,,,138,,"3-PRONGED BRANCH, WITH LEAVES & TIPS ",,,,,,,
754,BAER,E,no,,1.5,203,6831,,,119,,"2-PRONGED BRANCH, WITH LEAVES & TIPS ",,,,,,,
755,BAER,E,no,,1.6,142,4512,,,104,,"2-PRONGED BRANCH, WITH LEAVES & TIPS ",,,,,,,
753,BAER,E,no,tip,1.1.1.TIP,2,77,,,,, ,,,,,,,
751,BAER,E,no,tip,1.1.2.TIP,2,129,,,,, ,,,,,,,
752,BAER,E,no,tip,1.1.3.TIP,2,216,,,,, ,,,,,,,
748,BAER,E,no,,1.4.1,92,429,,,97,72,INCLUDES TIP ,,,,,,,
749,BAER,E,no,,1.4.2,97,807,,,131,96,INCLUDES TIP ,,,,,,,
750,BAER,E,no,,1.4.3,76,331,,,99,89,INCLUDES TIP ,,,,,,,
756,BAER,E,no,,1.SIDES,54,1329,,,,, ,,,,,,,
740,BAER,D,no,,1.3.1,40,110,,,75,, ,,,1230,,,,
741,BAER,D,no,,1.3.2,30,68,,,65,, ,,,922,,,,
742,BAER,D,no,,1.3.3,35,90,,,76,, ,,,1076,,,,
747,BAER,E,no,,1.4,34,592,,,149,145, ,,,698,,,,
1,BAER,A,yes,,1,86,3955,63,0.73255814,272,253, ,,,1987,BAER A-1.tiff,7.816,0.124,0.09
2,BAER,A,yes,,1.1,16,,15,0.9375,missing,missing, ,,,299,BAER A-1-1.tiff,1.247,0.083,0.08
3,BAER,A,yes,,1.2,69,1016,83,1.202898551,165,129, ,,,2288,BAER A-1-2.tiff,9.316,0.112,0.14
8,BAER,A,yes,,1.3,90,1547,120,1.333333333,187,148,up%shed ,,,3848,BAER A-1-3.tiff,16.248,0.135,0.19
12,BAER,A,yes,,1.4,36,224,43,1.194444444,95,88, ,,,1144,BAER A-1-4.tiff,4.508,0.105,0.13
14,BAER,A,yes,,1.5,47,278,59,1.255319149,86,63, ,,,1218,BAER A-1-5.tiff,5.132,0.087,0.11
4,BAER,A,yes,,1.2.1,89,340,95,1.06741573,83,81, ,,,3010,BAER A-1-2-1.tiff,13.127,0.138,0.15
5,BAER,A,yes,,1.2.2,72,262,87,1.208333333,79,66, ,,,2495,BAER A-1-2-2.tiff,11.539,0.133,0.16
6,BAER,A,yes,,1.2.3,54,170,65,1.203703704,75,63, ,,,1427,BAER A-1-2-3.tiff,6.609,0.102,0.12
7,BAER,A,yes,,1.2.4,30,61,37,1.233333333,71,47, ,,,696,BAER A-1-2-4.tiff,3.333,0.09,0.11
9,BAER,A,yes,,1.3.1,110,671,147,1.336363636,102,78,up%shed ,,,5327,BAER A-1-3-1.tiff,22.883,0.156,0.22
10,BAER,A,yes,,1.3.2,69,291,94,1.362318841,68,52, ,,,2525,BAER A-1-3-2.tiff,11.37,0.121,0.16
11,BAER,A,yes,,1.3.3,75,273,89,1.186666667,74,49, ,,,2693,BAER A-1-3-3.tiff,11.417,0.128,0.15
13,BAER,A,yes,,1.4.1,21,102,37,1.761904762,84,71, ,,,833,BAER A-1-4-1.tiff,3.775,0.102,0.18
15,BAER,A,yes,,1.5.1,25,49,39,1.56,52,, ,,,642,BAER A-1-5-1.tiff,3.274,0.084,0.13
16,BAER,A,yes,,1.5.2,15,44,28,1.866666667,49,, ,,,340,BAER A-1-5-2.tiff,1.764,0.063,0.12
17,BAER,A,yes,,1.5.3,15,30,26,1.733333333,51,, ,,,392,BAER A-1-5-3.tiff,1.91,0.073,0.13
18,BAER,B,yes,,1,204,5400,312,1.529411765,254,200, ,,,8598,BAER B-1.tif,36.735,0.118,0.18
19,BAER,B,yes,,1.1,67,328,111,1.656716418,85,85, ,,,2364,BAER B-1-1.tif,11.864,0.107,0.18
20,BAER,B,yes,,1.2,57,229,93,1.631578947,83,76, ,,,1794,BAER B-1-2.tif,8.77,0.094,0.15
21,BAER,B,yes,,1.3,43,143,62,1.441860465,74,64, ,,,1273,BAER B-1-3.tif,6.311,0.102,0.15
22,BAER,B,yes,,1.4,67,414,109,1.626865672,90,88, ,,,2246,BAER B-1-4.tif,11.176,0.103,0.17
23,BAER,B,yes,,1.5,30,156,54,1.8,77,72, ,,,1132,BAER B-1-5.tif,5.283,0.098,0.18
24,BAER,B,yes,,1.6,77,351,133,1.727272727,99,86, ,,,2502,BAER B-1-6.tif,12.63,0.095,0.16
25,BAER,B,yes,,1.7,66,322,118,1.787878788,91,71, ,,,1955,BAER B-1-7.tif,10.197,0.086,0.15
28,BAER,C,yes,,1,182,3447,214,1.175824176,212,146, ,,,6362,BAER C-1-3-X.tiff,26.247,0.123,0.15
29,BAER,C,yes,,1.1,57,245,83,1.456140351,94,69, ,,,1643,BAER C-1-1.tiff,8.13,0.098,0.14
30,BAER,C,yes,,1.2,64,264,102,1.59375,93,74, ,,,1995,BAER C-1-2.tiff,10.095,0.099,0.16
31,BAER,C,yes,,1.3,47,177,75,1.595744681,95,75, ,,,1408,BAER C-1-3.tiff,7.036,0.094,0.15
26,BAER,C,yes,,1.4,26,84,40,1.538461538,77,57, ,,,749,BAER C-1-4.tiff,3.601,0.09,0.14
27,BAER,C,yes,,1.5,34,95,48,1.411764706,78,59, ,,,824,BAER C-1-5.tiff,4.084,0.085,0.12
32,BAER,D,yes,,1,48,2047,49,1.020833333,272,234,up%shed ,,,1219,BAER D-1.tif,4.581,0.093,0.11
33,BAER,D,yes,,1.1,129,1451,158,1.224806202,156,131, ,,,4805,BAER D-1-1.tif,18.871,0.119,0.15
39,BAER,D,yes,,1.2,79,876,98,1.240506329,147,100, ,,,2925,BAER D-1-2.tif,10.976,0.112,0.14
44,BAER,D,yes,,1.3,132,1229,176,1.333333333,143,92, ,,,5330,BAER D-1-3.tif,20.934,0.119,0.16
34,BAER,D,yes,,1.1.1,50,137,65,1.3,75,55, ,,,1486,BAER D-1-1-1.tif,6.942,0.107,0.14
35,BAER,D,yes,,1.1.2,38,103,41,1.078947368,63,54, ,,,866,BAER D-1-1-2.tif,4.04,0.099,0.11
36,BAER,D,yes,,1.1.3,44,84,56,1.272727273,64,55, ,,,1278,BAER D-1-1-3.tif,5.768,0.103,0.13
37,BAER,D,yes,,1.1.4,32,65,42,1.3125,61,56, ,,,832,BAER D-1-1-4.tif,3.995,0.095,0.12
38,BAER,D,yes,,1.1.5,52,130,67,1.288461538,75,54, ,,,1571,BAER D-1-1-5.tif,7.052,0.105,0.14
40,BAER,D,yes,,1.2.1,90,693,97,1.077777778,116,116, ,,,3136,BAER D-1-2-1.tif,12.401,0.128,0.14
41,BAER,D,yes,,1.2.2,27,104,46,1.703703704,97,50, ,,,1113,BAER D-1-2-2.tif,5.122,0.111,0.19
42,BAER,D,yes,,1.2.3,31,78,46,1.483870968,62,55, ,,,907,BAER D-1-2-3.tif,4.127,0.09,0.13
43,BAER,D,yes,,1.2.4,33,85,43,1.303030303,68,54, ,,,839,BAER D-1-2-4.tif,3.822,0.089,0.12
45,BAER,E,yes,,1.1,25,382,39,1.56,144,133, ,,,558,BAER E-1-1.tif,2.615,0.067,0.1
46,BAER,E,yes,,1.1.1,57,217,72,1.263157895,77,76, ,,,1390,BAER E-1-1-1B.tif,6.447,0.09,0.11
47,BAER,E,yes,,1.1.2,118,665,165,1.398305085,123,97, ,,,3970,BAER E-1-1-2.tif,19.959,0.121,0.17
48,BAER,E,yes,,1.1.3,92,410,131,1.423913043,91,84, ,,,2640,BAER E-1-1-3.tif,13.091,0.1,0.14
49,BAER,E,yes,x,1+1X,272,14735,276,1.014705882,350,287, ,,,8262,BAER E-1.tif,32.686,0.118,0.12
682,BOLE,A,no,,2.1,30,246,,,63,62,"4 LEAVES, includes tip ",,,,,,,
684,BOLE,A,no,,3.1,22,269,,,67,64,"6 LEAVES, includes tip ",,,,,,,
305,BOLE,A,no,,4,49,316,,,87,81,"with tiny, tiny tip leaves ",,,736,,,,0
680,BOLE,A,no,x,1.X,37,499,,,140,128, ,,,,,,,
681,BOLE,A,no,x,2.X,76,744,,,125,106, ,,,,,,,
683,BOLE,A,no,x,3.X,18,141,,,112,102, ,,,,,,,
692,BOLE,B,no,x,1.1.X,28,119,,,73,71, ,,,,,,,
696,BOLE,B,no,tip,1.2.X.TIP,6,156,,,,,5 small leaves ,,,,,,,
697,BOLE,B,no,x,1.X,83,1235,,,148,122, ,,,,,,,
699,BOLE,B,no,,3.1.SIDES.A,12,176,,,50,,4 leaves ,,,,,,,
700,BOLE,B,no,,3.1.SIDES.B,8,85,,,44,,2 leaves ,,,,,,,
694,BOLE,B,no,x,2.1.X,35,171,,,79,69, ,,,,,,,
695,BOLE,B,no,x,2.2.X,21,106,,,73,70, ,,,,,,,
698,BOLE,B,no,x,2.X,37,426,,,153,121, ,,,,,,,
702,BOLE,B,no,,4.SIDES.A,26,385,,,,,1 shoot ,,,,,,,
702,BOLE,B,no,,4.SIDES.B,25,285,,,,,1 shoot ,,,,,,,
702,BOLE,B,no,,4.SIDES.C,20,297,,,,,3 shoots ,,,,,,,
701,BOLE,B,no,x,4.X,17,168,,,117,86, ,,,,,,,
685,BOLE,C,no,x,1.X,90,1180,,,145,130, ,,,,,,,
691,BOLE,D,no,,2.4,28,110,,,74,,8 LEAVES ,,,286,,,,
688,BOLE,D,no,,2.1.SIDES.A,9,126,,,51,,tiny tip ,,,,,,,
689,BOLE,D,no,,2.1.SIDES.B,4,43,,,46,,tiny tip ,,,,,,,
687,BOLE,D,no,x,2.1.X,80,781,,,131,101, ,,,,,,,
690,BOLE,D,no,x,2.2.X,138,2554,,,201,128, ,,,,,,,
686,BOLE,E,no,x,1.X,114,1114,,,122,101, ,,,,,,,
693,BOLE,B,no,x,1.2.X,87,425,,,82,59,1 LEAF ,,,102,,,,
301,BOLE,A,yes,,1.1,40,181,5,0.125,66,56,"INCLUDES TIP, 1 leaf shed ",,,262,BOSE-A-1-1.jpg,1.254,0.251,0.1
302,BOLE,A,yes,,1.2,49,179,6,0.12244898,70,68, ,,,250,BOSE-A-1-2.jpg,1.356,0.226,0.15
303,BOLE,A,yes,,2.2,53,212,12,0.226415094,76,64, ,,,600,BOSE-A-2-2.jpg,3.187,0.266,0.08
304,BOLE,A,yes,,3.2,37,132,9,0.243243243,67,62, 1 LEAF SHED,,,325,BOSE-A-3-2.jpg,1.999,0.222,0.07
306,BOLE,B,yes,,1.1,14,46,7,0.5,63,53, ,,,383,BOSE-B-1-1.jpg,2.081,0.297,0.15
307,BOLE,B,yes,,2.1,27,123,9,0.333333333,70,52, 1 LEAF SHED,,,522,BOSE-B-2-1.jpg,3.22,0.358,0.12
308,BOLE,B,yes,,2.2,28,163,11,0.392857143,98,61, ,,,622,BOSE-B-2-2.jpg,3.57,0.325,0.13
309,BOLE,B,yes,,3.1,68,366,11,0.161764706,78,72, 1 LEAF SHED,,,849,BOSE-B-3-1.jpg,4.843,0.44,0.08
310,BOLE,B,yes,,4,50,286,12,0.24,81,66," 1 LEAF SHED, 1 ABORTED",,,713,BOSE-B-4.jpg,4.246,0.354,0.09
311,BOLE,C,yes,,1.1,47,230,10,0.212765957,96,63, 2 LEAVES SHED,,,758,BOSE-C-1-1.jpg,4.902,0.49,0.12
312,BOLE,C,yes,,1.2,98,668,18,0.183673469,101,89, ,,,1825,BOSE-C-1-2.jpg,11.916,0.662,0.13
313,BOLE,C,yes,,2,23,182,4,0.173913043,77,73, ,,,568,BOSE-C-2.jpg,2.941,0.735,0.29
314,BOLE,D,yes,,2.1,72,493,9,0.125,94,88, 2 LEAVES SHED,,,896,BOSE-D-2-1.jpg,4.276,0.475,0.07
317,BOLE,D,yes,,2.2,71,780,15,0.211267606,138,109, 2 LEAVES SHED,,,1283,BOSE-D-2-2.jpg,6.478,0.432,0.11
321,BOLE,D,yes,,3,70,534,13,0.185714286,129,90, ,,,1038,BOSE-D-3.jpg,5.456,0.42,0.08
315,BOLE,D,yes,,2.1.1,43,209,12,0.279069767,74,61, ,,,452,BOSE-D-2-1-1.jpg,2.589,0.216,0.07
316,BOLE,D,yes,,2.1.2,28,101,10,0.357142857,80,76, ,,,369,BOSE-D-2-1-2.jpg,2.527,0.253,0.08
318,BOLE,D,yes,,2.2.1,50,161,16,0.32,59.5,,2 shoots A PAIR OF SIDE SHOOTS,,,473,BOSE-D-2-2-1.jpg,3.093,0.193,0.09
319,BOLE,D,yes,,2.2.2,60,248,15,0.25,64,,"2 shoots A PAIR OF SIDE SHOOTS, 2 LEAVES SHED",,,555,BOSE-D-2-2-2.jpg,3.538,0.236,0.09
320,BOLE,D,yes,,2.2.3,41,208,13,0.317073171,63.5,,"2 shoots A PAIR OF SIDE SHOOTS,1 LEAF SHED",,,452,BOSE-D-2-2-3.jpg,2.953,0.227,0.09
322,BOLE,E,yes,,1.1,48,260,11,0.229166667,85,67, ,,,682,BOSE-E-1-1.jpg,4.263,0.388,0.13
323,BOLE,E,yes,,1.2,25,87,8,0.32,71,64, ,,,277,BOSE-E-1-2.jpg,2.034,0.254,0.11
324,BOLE,E,yes,,2,88,600,13,0.147727273,98,80, 2 LEAVES SHED,,,1111,BOSE-E-2.jpg,6.96,0.535,0.1
878,COER,B,no,tip,1.2.1.1.TIP,39,701,,,131,,50%SHED; TOP MORE THAN TIP ,0.5,,,,,,
871,COER,E,no,,4.3.B,14,,,,102,,CLUSTER OF SHOOTS 70% SHED ,0.7,,,,,,
872,COER,E,no,,4.3.C,16,,,,129,,CLUSTER OF SHOOTS 70% SHED ,0.7,,,,,,
95,COER,A,no,,1,124,6486,43,,282,266,80%shed ,0.8,,1165,COLO A-1.tif,4.245,0.099,0.03
889,COER,C,no,x,2.X,76,4012,,,277,264,80%SHED ,0.8,,,,,,
104,COER,B,no,,1,85,5730,34,,348,308,p%shed; 85% ,0.85,,989,COLO B-1.tif,3.522,0.104,0.04
896,COER,D,no,x,1.X,41,2783,,,332,309,95%SHED ,0.95,,,,,,
875,COER,A,no,tip,1.2.1.2.TIP,27,278,,,,, ,,,,,,,
879,COER,B,no,tip,1.2.1.2.1.TIP,19,184,,,,, ,,,,,,,
877,COER,B,no,,1.2.1.SIDE,5,95,,,,, ,,,,,,,
876,COER,B,no,x,1.X,55,4323,,,366,344, ,,,,,,,
892,COER,C,no,tip,1.1.TIP,7,35,,,,, ,,,,,,,
890,COER,C,no,tip,1.2.1.1.1.TIP.A,17,189,,,,, ,,,,,,,
891,COER,C,no,tip,1.2.1.1.1.TIP.B,24,277,,,,, ,,,,,,,
894,COER,C,no,x,1.2.X,71,2151,,,246,188,WITH A FEW LEAVES ,,,,,,,
886,COER,C,no,tip,1.3.1.1.1.TIP,15,129,,,,, ,,,,,,,
887,COER,C,no,tip,1.3.1.2.TIP,14,110,,,,, ,,,,,,,
888,COER,C,no,,1.3.SIDES,8,211,,,,, ,,,,,,,
884,COER,C,no,,1.4.2,32,577,,,80,, ,,,,,,,
885,COER,C,no,,1.4.3,22,399,,,99,, ,,,,,,,
893,COER,C,no,x,1.X,44,5071,,,414,382, ,,,,,,,
883,COER,C,no,,2.1.SIDES,10,221,,,,, ,,,,,,,
882,COER,C,no,tip,2.1.TIP,28,326,,,,, ,,,,,,,
880,COER,C,no,tip,2.2.1.TIP,24,235,,,,, ,,,,,,,
881,COER,C,no,tip,2.2.TIP,22,347,,,,,WITH LEAVES ,,,,,,,
895,COER,C,no,x,2.X.X,104,7683,,,338,323, ,,,,,,,
898,COER,D,no,tip,2.2.1.1.TIP,21,303,,,,, ,,,,,,,
899,COER,D,no,tip,2.2.1.2.TIP,20,220,,,,, ,,,,,,,
897,COER,D,no,,2.SIDES,7,208,,,,, ,,,,,,,
900,COER,E,no,tip,1.2.1.TIP,8,107,,,,, ,,,,,,,
901,COER,E,no,x,2.X,80,5854,,,340,380, ,,,,,,,
874,COER,E,no,tip,4.1.TIP,20,416,,,,, ,,,,,,,
873,COER,E,no,tip,4.2.TIP,15,313,,,,, ,,,,,,,
870,COER,E,no,,4.3.A,66,1366,,,164,,CLUSTER OF SHOOTS 70% SHED; group but match diameters with lengths ,0.7,,1015,,,,
872,COER,E,no,x,1.X,47,5328,,,376,399, ,,,148,,,,
96,COER,A,yes,,1.1,24,163,24,1,114,89, ,,,305,COLO A-1-1.tif,1.249,0.052,0.05
97,COER,A,yes,,1.2,49,1305,82,1.673469388,206,170,up%shed ,,,1756,COLO A-1-2.tif,6.67,0.081,0.16
100,COER,A,yes,,1.3,104,2480,136,1.307692308,203,175,up%shed ,,,3802,COLO A-1-3.tif,13.21,0.097,0.14
98,COER,A,yes,,1.2.1,138,1872,165,1.195652174,163,140, ,,,4729,COLO A-1-2-1.tif,18.135,0.11,0.13
99,COER,A,yes,,1.2.1.1,16,79,20,1.25,89,81, ,,,451,COLO A-1-2-1-1.tif,1.915,0.096,0.12
103,COER,A,yes,,1.2.1.2,41,170,53,1.292682927,80,60,up%shed ,,,942,COLO A-1-2-1-2.tif,5.865,0.111,0.15
101,COER,A,yes,,1.3.1,54,305,70,1.296296296,102,90,up%shed ,,,1090,COLO A-1-3-1.tif,4.905,0.07,0.1
102,COER,A,yes,,1.3.2,72,551,86,1.194444444,125,114, ,,,1952,COLO A-1-3-2.tif,7.812,0.091,0.11
105,COER,B,yes,,1.1,56,507,67,1.196428571,105,81, ,,,1359,COLO B-1-1.tif,5.131,0.077,0.09
106,COER,B,yes,,1.2,100,4611,143,1.43,272,251, ,,,3653,COLO B-1-2.tif,14.296,0.1,0.14
107,COER,B,yes,,1.3,54,456,90,1.666666667,120,88, ,,,1742,COLO B-1-3.tif,7.15,0.079,0.13
113,COER,B,yes,,2,42,1563,71,1.69047619,269,232, CHECK ON SPECIMEN,,,1890,COLO B-2.tif,7.108,0.1,0.16
108,COER,B,yes,,1.2.1,97,2748,113,1.164948454,221,218,up%shed ,,,2538,COLO B-1-2-1.tif,9.607,0.085,0.1
109,COER,B,yes,,1.2.1.1,110,1700,139,1.263636364,191,131,up%shed ,,,2846,COLO B-1-2-1-1.tif,12.2,0.088,0.11
110,COER,B,yes,,1.2.1.2,37,291,50,1.351351351,117,111, ,,,1053,COLO B-1-2-1-2.tif,4.6,0.092,0.12
111,COER,B,yes,,1.2.1.2.1,24,66,31,1.291666667,66,52, ,,,403,COLO B-1-2-1-2-1.tif,3.041,0.098,0.13
112,COER,B,yes,,1.2.1.3,24,92,33,1.375,74,69, 24XX,,,708,COLO B-1-2-1-3.tif,2.965,0.09,0.12
114,COER,C,yes,,1.1,18,39,35,1.944444444,64,42, ,,,339,COLO C-1-1.tif,2.127,0.061,0.12
115,COER,C,yes,,1.2,17,537,21,1.235294118,227,185, SENESCING,,,635,COLO C-1-2.tif,2.536,0.121,0.15
119,COER,C,yes,,1.3,86,2304,60,0.697674419,200,198, ,,,1019,COLO C-1-3.tif,4.586,0.076,0.05
126,COER,C,yes,,1.4,34,657,62,1.823529412,197,155, ,,,954,COLO C-1-4.tif,4.709,0.076,0.14
124,COER,C,yes,,2,103,3110,176,1.708737864,232,218,up%shed ,,,2650,COLO C-2.tif,12.65,0.072,0.13
125,COER,C,yes,,2.1,67,716,95,1.417910448,128,117, ,,,1814,COLO C-2-1.tif,8.423,0.089,0.13
128,COER,C,yes,,2.2,63,732,90,1.428571429,136,132,up%shed ,,,1741,COLO C-2-2.tif,8.22,0.091,0.14
116,COER,C,yes,,1.2.1,53,1026,94,1.773584906,181,149,up%shed ,,,1865,COLO C-1-2-1.tif,8.346,0.089,0.17
117,COER,C,yes,,1.2.1.1,24,237,37,1.541666667,121,107, ,,,704,COLO C-1-2-1-1.tif,3.069,0.083,0.13
118,COER,C,yes,,1.2.1.1.1,25,97,43,1.72,68,58, ,,,493,COLO C-1-2-1-1-1.tif,3.716,0.086,0.15
120,COER,C,yes,,1.3.1,43,812,70,1.627906977,167,148, ,,,1243,COLO C-1-3-1.tif,5.624,0.08,0.13
121,COER,C,yes,,1.3.1.1,38,309,55,1.447368421,119,109, ,,,911,COLO C-1-3-1-1.tif,4.186,0.076,0.1
122,COER,C,yes,,1.3.1.1.1,22,71,47,2.136363636,77,59, ,,,514,COLO C-1-3-1-1-1.tif,3.781,0.08,0.17
123,COER,C,yes,,1.3.1.2,17,94,27,1.588235294,88,76, ,,,481,COLO C-1-3-1-2.tif,2.147,0.08,0.13
131,COER,C,yes,,1.4.1,42,338,71,1.69047619,112,99, ,,,1160,COLO C-1-4-1.tif,5.17,0.073,0.12
130,COER,C,yes,,1.4.1.1,14,45,28,2,64,48, ,,,347,COLO C-1-4-1-1.tif,2.05,0.073,0.14
127,COER,C,yes,,2.2.1,32,139,77,2.40625,82,76, ,,,683,COLO C-2-2-1.tif,5.221,0.068,0.16
129,COER,D,yes,,1,81,5166,63,0.777777778,313,308,up%shed ,,,1669,COLO D-1.tif,6.162,0.098,0.08
132,COER,D,yes,,2,50,2941,41,0.82,303,280,up%shed ,,,1548,COLO D-2.tif,5.229,0.128,0.15
133,COER,D,yes,,2.2,105,2859,123,1.171428571,231,208, ,,,2906,COLO D-2-2.tif,11.442,0.093,0.11
136,COER,D,yes,,2.1,127,2990,143,1.125984252,212,194,up%shed ,,,3379,COLO D-2-1.tif,12.97,0.091,0.11
135,COER,D,yes,,2.1.1,90,1160,156,1.733333333,144,138, ,,,3036,COLO D-2-1-1.tif,12.736,0.082,0.14
134,COER,D,yes,,2.1.1.1,48,306,81,1.6875,112,74, ,,,1172,COLO D-2-1-1-1.tif,6.475,0.08,0.13
137,COER,D,yes,,2.2.1,125,2038,202,1.616,175,154, ,,,3141,COLO D-2-2-1.tif,14.891,0.074,0.12
138,COER,D,yes,,2.2.1.1,63,299,100,1.587301587,108,71, ,,,1513,COLO D-2-2-1-1.tif,9.322,0.093,0.15
139,COER,D,yes,,2.2.1.2,64,300,107,1.671875,87,70, ,,,1451,COLO D-2-2-1-2.tif,9.639,0.09,0.15
140,COER,E,yes,,1,92,7607,99,1.076086957,382,315, ,,,3348,COLO E-1.tif,11.796,0.119,0.13
141,COER,E,yes,,1.1,65,542,100,1.538461538,132,83, ,,,2023,COLO E-1-1.tif,8.094,0.081,0.12
142,COER,E,yes,,1.2,46,454,71,1.543478261,149,98, ,,,1543,COLO E-1-2.tif,5.838,0.082,0.13
144,COER,E,yes,,1.3,25,192,41,1.64,83,82, ,,,753,COLO E-1-3.tif,2.973,0.073,0.12
145,COER,E,yes,,2,86,4848,61,0.709302326,342,262, ,,,1399,COLO E-2.tif,5.432,0.089,0.06
146,COER,E,yes,,3,128,5275,172,1.34375,269,266, ,,,3194,COLO E-3.tif,10.836,0.063,0.08
147,COER,E,yes,,4,104,2827,130,1.25,217,191, ,,,3138,COLO E-4.tif,12.746,0.098,0.12
148,COER,E,yes,,4.1,15,45,15,1,59,50, ,,,269,COLO E-4-1.tif,1.593,0.106,0.11
149,COER,E,yes,,4.2,14,35,15,1.071428571,54,38, ,,,216,COLO E-4-2.tif,1.494,0.1,0.11
143,COER,E,yes,,1.2.1,15,87,22,1.466666667,95,82, ,,,258,COLO E-1-2-1.tif,1.123,0.051,0.07
224,DIRE,F,no,,1,84,,,,107,104,10%shed ,0.1,,1119,,,,0
201,DIRE,A,no,,1,45,,72,,125,125,20%SHED ,0.2,,506,DIRE A-1.tif,3.007,0.042,0.09
222,DIRE,E,no,,1,107,,,,97,89,40%shed ,0.4,,644,,,,0
208,DIRE,B,no,,1,38,,30,,119,110,70%SHED ,0.7,,243,DIRE B-1.tif,1.467,0.049,0.5
858,DIRE,A,no,,1.4,13,,,,38,34,80% SHED ,0.8,,,,,,
859,DIRE,D,no,x,1.X,14,,,,143,128,80% SHED ,0.8,,,,,,
234,DIRE,A,no,tip,5.TIP,18,na,,,na,, ,,,283,,,,0
235,DIRE,B,no,tip,3.1.TIPS,96,na,,,na,, ,,,475,,,,0
233,DIRE,B,no,tip,3.3.TIPS,124,na,,,na,, ,,,541,,,,0
216,DIRE,C,no,,2.4,22,,,,47,38, ,,,170,,,,0
869,DIRE,C,no,,2.4,12,,,,,, ,,,,,,,
217,DIRE,C,no,,2.5,12,,,,38,36,?%SHED ,,,115,,,,0
232,DIRE,C,no,tip,1.1&1.2.TIPS,18,na,,,na,, ,,,99,,,,0
868,DIRE,C,no,x,1.EXTRAS,37,,,,,,3 TIPS ,,,,,,,
867,DIRE,C,no,tip,2.3.TIP,9,,,,,, ,,,,,,,
866,DIRE,C,no,tip,2.5.TIP,8,,,,,, ,,,,,,,
865,DIRE,C,no,x,2.EXTRAS,67,,,,,,4 TIPS/EXPANDING SIDE BRANCHES ,,,,,,,
218,DIRE,D,no,,1.1,88,,,,112,100,up%shed ,,,691,,,,0
219,DIRE,D,no,,1.2,80,,,,95,74,up%shed ,,,568,,,,0
220,DIRE,D,no,,2.1,25,,,,36,, ,,,315,,,,0
221,DIRE,D,no,,2.2,22,,,,33,, ,,,255,,,,0
862,DIRE,D,no,x,1.X.EXTRAS,17,,,,42,54, ,,,,,,,
861,DIRE,D,no,tip,2.1.EXTRA.TIPS,25,,,,,,4 TIPS ,,,,,,,
231,DIRE,D,no,tip,2.1.TIPS,71,na,,,na,, ,,,385,,,,0
860,DIRE,D,no,tip,2.2.EXTRA.TIPS,35,,,,,,4 TIPS ,,,,,,,
230,DIRE,D,no,tip,2.2.TIPS,107,na,,,na,, ,,,823,,,,0
223,DIRE,E,no,,2,18,,,,46,30, ,,,184,,,,0
228,DIRE,E,no,tip,2.TIPS,80,na,,,na,, ,,,547,,,,0
229,DIRE,E,no,tip,2.TIPS,83,na,,,na,, ,,,690,,,,0
863,DIRE,E,no,tip,E.2.TIP?,,,,,,,LITTLE BITS FROM THE TOP OF E.2 ARE WITH E.1 ,,,,,,,
225,DIRE,F,no,,2,42,,,,119,94, ,,,713,,,,0
226,DIRE,F,no,,2.1,26,,,,MISSING,MISSING, ,,,124,,,,0
227,DIRE,F,no,,2.2,39,,,,44,, ,,,182,,,,0
864,DIRE,F,no,x,2.EXTRAS,160,,,,,,"ABOUT 10 TIPS, EACH WITH LENGTH UP TO 40 ",,,,,,,
205,DIRE,A,no,,1.1,29,,36,,53,44, ,,,259,DIRE A-1-1.tif,1.672,0.046,0.4
206,DIRE,A,no,,1.2,15,,18,,41,35, ,,,113,DIRE A-1-2.tif,0.779,0.043,0.3
207,DIRE,A,no,,1.3,15,,18,,40,36, ,,,128,DIRE A-1-3.tif,0.761,0.042,0.3
202,DIRE,A,no,,2,63,,101,,118,95, ,,,957,DIRE A-2.tif,6.01,0.06,1.4
203,DIRE,A,no,,3,62,,130,,101,87, ,,,1155,DIRE A-3.tif,8.417,0.065,2
204,DIRE,A,no,,4,48,,102,,94,63, ,,,781,DIRE A-4.tif,6.43,0.063,1.3
209,DIRE,B,no,,2,21,,84,,104,100, ,,,698,DIRE B-2.tif,4.805,0.057,1.1
210,DIRE,B,no,,3,80,,206,,100,54,up%shed ,,,1728,DIRE B-3.tif,12.689,0.062,2.4
211,DIRE,C,no,,1,79,,122,,109,107, ,,,1349,DIRE C-1.tif,6.826,0.056,1.6
212,DIRE,C,no,,1.1,14,,25,,37,30, ,,,111,DIRE C-1-1.tif,0.989,0.04,0.4
213,DIRE,C,no,,1.2,11,,17,,46,33, ,,,81,DIRE C-1-2.tif,0.638,0.038,0.4
214,DIRE,C,no,,2,23,,83,,106,75, ,,,642,DIRE C-2.tif,3.724,0.045,0.9
215,DIRE,C,no,,2.3,20,,36,,44,35, ,,,150,DIRE C-2-3.tif,1.267,0.035,0.5
705,GRBU,A,no,tip,1.1.TIP,5,,,,,, ,,,,,,,
710,GRBU,A,no,tip,1.2.1.TIP,18,,,,,, ,,,,,,,
709,GRBU,A,no,x,1.2.1.X,18,,,,125,109, ,,,,,,,
708,GRBU,A,no,tip,1.2.2.TIP,20,,,,,, ,,,,,,,
707,GRBU,A,no,tip,1.2.3.TIP,14,,,,,, ,,,,,,,
711,GRBU,A,no,tip,1.2.TIP,27,,,,,, ,,,,,,,
706,GRBU,A,no,,1.3.SIDES,55,,,,58,, ,,,,,,,
703,GRBU,B,no,x,1.X,63,,,,177,142,3 LEAVES ,,,,,,,
704,GRBU,C,no,,1.SIDES,42,,,,63.5,, ,,,,,,,
712,GRBU,D,no,tip,1.1.TIPS,14,,,,,, ,,,,,,,
714,GRBU,D,no,,1.2.SIDE,7,,,,72,, ,,,,,,,
715,GRBU,D,no,tip,1.2.TIP,25,,,,83,, ,,,,,,,
716,GRBU,D,no,,1.3.SIDES,32,,,,71,, ,,,,,,,
717,GRBU,D,no,tip,1.4.1.TIP,20,,,,83,, ,,,,,,,
718,GRBU,D,no,tip,1.4.2.TIP,13,,,,105,, ,,,,,,,
719,GRBU,D,no,,1.4.3,38,,,,100,65,INCLUDING TIP ,,,,,,,
713,GRBU,D,no,,1.SIDE,6,,,,66,, ,,,,,,,
730,GRBU,E,no,,2,55,,,,202,191, ,,,,,,,
729,GRBU,E,no,tip,1.1.1.TIP,7,,,,,, ,,,,,,,
728,GRBU,E,no,tip,1.1.2.TIP,3,,,,,, ,,,,,,,
727,GRBU,E,no,tip,1.1.3.TIP,3,,,,,, ,,,,,,,
725,GRBU,E,no,,1.1.SIDES.A,30,,,,88,, ,,,,,,,
726,GRBU,E,no,,1.1.SIDES.B,19,,,,53,, ,,,,,,,
724,GRBU,E,no,tip,1.2.TIP,7,,,,13,, ,,,,,,,
720,GRBU,E,no,tip,1.3.TIP,3,,,,,, ,,,,,,,
721,GRBU,E,no,tip,1.4.TIP,3,,,,,, ,,,,,,,
722,GRBU,E,no,,1.SIDES,3,,,,45,, ,,,,,,,
723,GRBU,E,no,,2.SIDES,6,,,,66,, ,,,,,,,
731,GRBU,E,no,,2.SIDES,130,,,,,,LENGTH OF MANY SIDES ,,,,,,,
71,GRBU,A,yes,,1,97,,53,0.546391753,181,164, ,,,3890,GRBU A-1.tif,21.76,0.411,0.22
72,GRBU,A,yes,,1.1,32,,15,0.46875,89,79, ,,,798,GRBU A-1-1.tif,6.776,0.452,0.19
73,GRBU,A,yes,,1.2,37,,21,0.567567568,95,83, ,,,1109,GRBU A-1-2.tif,8.903,0.424,0.15
77,GRBU,A,yes,,1.3,37,,20,0.540540541,119,115, ,,,1351,GRBU A-1-3.tif,10.617,0.531,0.27
74,GRBU,A,yes,,1.2.1,31,,18,0.580645161,111,96, ,,,798,GRBU A-1-2-1.tif,6.767,0.376,0.22
75,GRBU,A,yes,,1.2.2,37,,23,0.621621622,103,84, ,,,1126,GRBU A-1-2-2.tif,9.738,0.423,0.26
76,GRBU,A,yes,,1.2.3,24,,14,0.583333333,75,63, ,,,692,GRBU A-1-2-3.tif,5.773,0.412,0.24
78,GRBU,B,yes,,1,94,,59,0.627659574,141,117, ,,,4307,GRBU B-1.tif,28.904,0.49,0.31
79,GRBU,C,yes,,1,126,,101,0.801587302,165,116,up%shed ,,,6002,GRBU-C-1.tif,40.14,0.397,0.33
80,GRBU,D,yes,,1,97,,47,0.484536082,270,199, ,,,4987,GRBU D-1.tif,23.544,0.501,0.24
81,GRBU,D,yes,,1.1,107,,51,0.476635514,142,96, ,,,5618,GRBU D-1-1.tif,28.992,0.568,0.26
82,GRBU,D,yes,,1.2,48,,11,0.229166667,128,115, ,,,1233,GRBU D-1-2.tif,6.251,0.568,0.13
83,GRBU,D,yes,,1.3,64,,28,0.4375,105,97, ,,,2149,GRBU D-1-3.tif,11.055,0.395,0.17
84,GRBU,D,yes,,1.4,94,,40,0.425531915,171,95,up%shed ,,,3762,GRBU D-1-4.tif,20.365,0.509,0.23
85,GRBU,D,yes,,1.4.1,41,,19,0.463414634,90,85, ,,,1334,GRBU D-1-4-1.tif,8.972,0.472,0.22
86,GRBU,D,yes,,1.4.2,34,,14,0.411764706,90,78, ,,,909,GRBU D-1-4-2.tif,5.623,0.402,0.17
87,GRBU,E,yes,,1,43,,29,0.674418605,256,232, ,,,1606,GRBU E-1.tif,8.664,0.299,0.2
88,GRBU,E,yes,,1.1,62,,26,0.419354839,236,204, ,,,1369,GRBU E-1-1.tif,6.489,0.25,0.1
89,GRBU,E,yes,,1.2,42,,17,0.404761905,156,124,up%shed ,,,978,GRBU E-1-2.tif,5.598,0.329,0.19
90,GRBU,E,yes,,1.3,29,,14,0.482758621,88,83,up%shed ,,,660,GRBU E-1-3.tif,4.03,0.288,0.2
91,GRBU,E,yes,,1.4,28,,13,0.464285714,97,86, ,,,475,GRBU E-1-4.tif,2.919,0.225,0.1
92,GRBU,E,yes,,1.1.1,14,,14,1,88,79,up%shed ,,,872,GRBU E-1-1-1.tif,6.465,0.462,0.59
93,GRBU,E,yes,,1.1.2,18,,16,0.888888889,91,88, ,,,905,GRBU E-1-1-2.tif,6.921,0.433,0.38
94,GRBU,E,yes,,1.1.3,18,,17,0.944444444,104,93,up%shed ,,,799,GRBU E-1-1-3.tif,6.367,0.375,0.58
806,GRSP,E,no,,2.7,76,,,,114,88,27 LEAVES; 20% SHED ,0.2,,,,,,
808,GRSP,E,no,,1.1,48,,,,99,,10 LEAVES; 30% SHED ,0.3,,,,,,
800,GRSP,E,no,,1.3.2,34,,,,80,74,15 LEAVES; 30%SHED ,0.3,,,,,,
802,GRSP,E,no,,2.3,28,,,,106,97,8 LEAVES; 40%SHED ,0.4,,,,,,
809,GRSP,E,no,,1.2,70,,,,138,66,11 LEAVES; 50% SHED ,0.5,,,,,,
810,GRSP,E,no,,1.4,35,,,,99,72,4 LEAVES; 80% SHED ,0.8,,,,,,
757,GRSP,A,no,x,1.1.X,28,,,,202,154, ,,,,,,,
758,GRSP,A,no,tip,1.2.TIP,4,,,,,, ,,,,,,,
759,GRSP,A,no,x,1.2.X,12,,,,144,107, ,,,,,,,
763,GRSP,A,no,x,1.3.X,10,,,,171,157, ,,,,,,,
760,GRSP,A,no,,1.4.1,24,,,,98,93,7 LEAVES ,,,,,,,
761,GRSP,A,no,x,1.4.X,17,,,,13,101, ,,,,,,,
762,GRSP,A,no,x,1.X,49,,,,259,237,3 LEAVES ,,,,,,,
766,GRSP,B,no,,3.3,22,,,,66,, ,,,,,,,
767,GRSP,B,no,,3.4,12,,,,69,, ,,,,,,,
764,GRSP,B,no,x,1.X,60,,,,262,207, ,,,,,,,
765,GRSP,B,no,,2.SIDES,58,,,,99.5,, ,,,,,,,
768,GRSP,B,no,tip,3.1.TIP,5,,,,,, ,,,,,,,
780,GRSP,C,no,,1,40,,,,81,80,8 LEAVES ,,,,,,,
779,GRSP,C,no,,2,54,,,,136,132,WITH LEAVES ,,,,,,,
773,GRSP,C,no,,2.2,21,,,,95,,12 LEAVES ,,,,,,,
778,GRSP,C,no,tip,2.TIP,26,,,,82,,WITH LEAVES ,,,,,,,
772,GRSP,C,no,x,2.X,50,,,,317,161,7 LEAVES ,,,,,,,
775,GRSP,C,no,tip,3.1.2.TIP,22,,,,,, ,,,,,,,
769,GRSP,C,no,,3.1.3,40,,,,103,,10 LEAVES ,,,,,,,
770,GRSP,C,no,,3.1.4,42,,,,123,,8 LEAVES ,,,,,,,
771,GRSP,C,no,,3.1.5,25,,,,106,,6 LEAVES ,,,,,,,
774,GRSP,C,no,x,3.1.X,13,,,,222,209, ,,,,,,,
777,GRSP,C,no,tip,3.2.TIP,18,,,,79,, ,,,,,,,
776,GRSP,C,no,x,3.2.X,41,,,,145,132,5 LEAVES ,,,,,,,
781,GRSP,D,no,,1.3,37,,,,81,, ,,,,,,,
782,GRSP,D,no,,1.4,27,,,,71,, ,,,,,,,
794,GRSP,D,no,,2,62,,,,156,,WITH SIDES ,,,,,,,
785,GRSP,D,no,,1.1.1,39,,,,111,58,28 LEAVES ,,,,,,,
783,GRSP,D,no,tip,1.1.2.TIP,3,,,,,, ,,,,,,,
786,GRSP,D,no,,1.1.3.SIDES,30,,,,73,, ,,,,,,,
791,GRSP,D,no,,1.1.4,35,,,,75,,8 LEAVES + TIP ,,,,,,,
792,GRSP,D,no,,1.1.5,10,,,,50,,4 LEAVES ,,,,,,,
784,GRSP,D,no,x,1.1.X,38,,,,128,105, ,,,,,,,
790,GRSP,D,no,x,1.X,40,,,,171,139, ,,,,,,,
787,GRSP,D,no,,2.1.1,6,,,,,, ,,,,,,,
788,GRSP,D,no,,2.1.1.1,10,,,,,, ,,,,,,,
793,GRSP,D,no,x,2.X,34,,,,123,114, ,,,,,,,
789,GRSP,D,no,x,X,70,,,,222,197, ,,,,,,,
805,GRSP,E,no,,2.1,48,,,,98,85,21 LEAVES ,,,,,,,
807,GRSP,E,no,,2.4,28,,,,86,78,10 LEAVES ,,,,,,,
797,GRSP,E,no,,2.6,27,,,,101,62,5 LEAVES ,,,,,,,
801,GRSP,E,no,x,1.3.X,36,,,,163,128,3 LEAVES ,,,,,,,
798,GRSP,E,no,x,1.3.X.X,90,,,,239,205, ,,,,,,,
803,GRSP,E,no,,1.5.SIDE,15,,,,74,, ,,,,,,,
799,GRSP,E,no,x,1.X,68,,,,163,138,8 LEAVES ,,,,,,,
795,GRSP,E,no,tip,2.2.TIP,14,,,,,, ,,,,,,,
804,GRSP,E,no,tip,2.3.1.TIP,3,,,,,, ,,,,,,,
796,GRSP,E,no,x,2.X,95,,,,172,142, ,,,,,,,
427,GRSP,A,yes,,1.1,119,,44,,149,115, ,,,4839,GRSP A-1-1.jpg,27.948,0.635,0.23
429,GRSP,A,yes,,1.2,85,,40,,107,91, ,,,3058,GRSP A-1-2.jpg,18.736,0.468,0.22
430,GRSP,A,yes,,1.3,122,,37,,122,101,INCREASE WEIGHT BY 5 LEAVES ,,,4139,GRSP A-1-3.jpg,24.857,0.672,0.22
431,GRSP,A,yes,,1.4,65,,15,,117,76, YOUNGER LEAVES,,,1906,GRSP A-1-4.jpg,11.301,0.753,0.17
428,GRSP,A,yes,,1.1.1,50,,26,,106,95, SMALLER LEAVES,,,1601,GRSP A-1-1-1.jpg,8.64,0.332,0.17
432,GRSP,B,yes,,1,36,,16,,206,202, ,,,1789,GRSP B-1.tif,8.912,0.557,0.31
433,GRSP,B,yes,,2,64,,21,,176,163, ,,,2170,GRSP B-2.tif,10.195,0.485,0.16
434,GRSP,B,yes,,3,120,,58,,155,118, ,,,4902,GRSP B-3.tif,26.936,0.464,0.23
435,GRSP,B,yes,,3.1,52,,32,,100,99, ,,,1672,GRSP B-3-1.tif,10.122,0.316,0.22
436,GRSP,B,yes,,3.2,20,,22,,83,83, NOT YET STIFF,,,962,GRSP B-3-2.tif,7.368,0.335,0.37
437,GRSP,C,yes,,2.1,31,,16,,90,74, ,,,1362,GRSP C-2-1.tif,9.061,0.566,0.29
438,GRSP,C,yes,,3.1,117,,47,,203,155, ,,,3378,GRSP C-3-1.tif,17.034,0.362,0.15
441,GRSP,C,yes,,3.2,86,,52,,149,99, ,,,5468,GRSP C-3-2.tif,36.513,0.702,0.43
439,GRSP,C,yes,,3.1.1,85,,34,,113,95, ,,,3408,GRSP C-3-1-1.tif,23.082,0.679,0.3
440,GRSP,C,yes,,3.1.2,79,,34,,120,108, ,,,2754,GRSP C-3-1-2.tif,19.721,0.58,0.31
444,GRSP,D,yes,,2.1,35,,29,,91,83,3 LEAVES ,,,1490,GRSP D-2-1.tif,8.502,0.293,0.27
442,GRSP,D,yes,,1.1.2,28,,31,,95,79, ,,,1159,GRSP D-1-1-2.tif,7.565,0.244,0.4
443,GRSP,D,yes,,1.1.3,35,,26,,70,70, ,,,1354,GRSP D-1-1-3.tif,8.322,0.32,0.24
445,GRSP,D,yes,,1.3.1,21,,8,,60,38, NOT YET STIFF,,,329,GRSP D-1-3-1.tif,2.883,0.36,0.14
446,GRSP,D,yes,,2.1.1,17,,9,,84,71, ,,,370,GRSP D-2-1-1.tif,2.305,0.256,0.14
447,GRSP,D,yes,,2.1.1.1,20,,14,,70,66, NOT YET STIFF,,,553,GRSP D-2-1-1-1.tif,4.56,0.326,0.23
448,GRSP,D,yes,,2.2.1,30,,15,,78,46, NOT YET STIFF,,,666,GRSP D-2-2-1.tif,6.311,0.421,0.21
451,GRSP,E,no,,1.5,89,,23,,127,100,UP%shed ,,,1738,GRSP E-1-5.tif,7.69,0.334,0.15
453,GRSP,E,yes,,2.2,38,,21,,91,90, ,,,1253,GRSP E-2-2.tif,6.69,0.319,0.23
449,GRSP,E,yes,,1.3.1,48,,21,,85,79, ,,,1288,GRSP E-1-3-1.tif,7.128,0.339,0.21
450,GRSP,E,yes,,1.3.3,43,,19,,85,82, ,,,1172,GRSP E-1-3-3.tif,6.104,0.321,0.17
452,GRSP,E,yes,,1.5.1,31,,15,,90,89, ,,,1117,GRSP E-1-5-1.tif,5.305,0.354,0.2
454,GRSP,E,no,,2.3.1,42,,17,,88,83,UP%shed ,,,1096,GRSP E-2-3-1.tif,5.313,0.313,0.2
455,GRSP,E,yes,,2.3.2,28,,15,,87,75, ,,,702,GRSP E-2-3-2.tif,3.538,0.236,0.18
965,HATE,A,no,tip,3.TIP,45,,,,,, ,,,,,,,
966,HATE,B,no,tip,1.1.TIP,44,,,,,, ,,,,,,,
968,HATE,B,no,tip,2.3.TIP,78,,,,,, ,,,,,,,
969,HATE,B,no,tip,2.5.TIP,70,,,,,, ,,,,,,,
970,HATE,B,no,tip,2.6.TIP,37,,,,,, ,,,,,,,
967,HATE,B,no,,2.SIDES,71,,,,,,2 SIDES BN P1 & P2 ,,,,,,,
971,HATE,B,no,x,EXTRAS,78,,,,,,ABOVE P2 ,,,,,,,
972,HATE,C,no,tip,1.1.TIP,18,,,,,,2 TIPS ,,,,,,,
974,HATE,C,no,tip,1.3.1.TIP,22,,,,,, ,,,,,,,
973,HATE,C,no,x,1.3.EXTRA,24,,,,,, ,,,,,,,
977,HATE,C,no,tip,2.1.TIP,58,,,,,, ,,,,,,,
976,HATE,C,no,tip,2.2.TIP,55,,,,,, ,,,,,,,
975,HATE,D,no,tip,1.1.1.TIPS,53,,,,,,3 TIPS ,,,,,,,
978,HATE,D,no,,1.1.SIDE,24,,,,,, ,,,,,,,
981,HATE,D,no,tip,1.2.1.TIP,53,,,,,, ,,,,,,,
980,HATE,D,no,,1.2.SIDES,39,,,,,,2 SIDES ,,,,,,,
979,HATE,D,no,tip,1.2.TIP,41,,,,,, ,,,,,,,
982,HATE,D,no,,1.3.SIDES,35,,,,,,2 SIDES ,,,,,,,
984,HATE,E,no,tip,1.1.TIP,118,,,,,, ,,,,,,,
985,HATE,E,no,tip,1.2.TIP,144,,,,,, ,,,,,,,
986,HATE,E,no,tip,1.3.TIP,126,,,,,, ,,,,,,,
983,HATE,E,no,,1.SIDES,91,,,,,,2 SIDES ,,,,,,,
456,HATE,A,yes,,1,38,,12,,209,199, ,,,1624,HATE A-1.tif,2.759,0.23,0.08
457,HATE,A,yes,,2,97,,21,,205,148, NO BUDS IN AXILS,,,8841,HATE A-2.tif,19.353,0.922,0.21
458,HATE,A,yes,,3,113,,27,,146,104, ,,,8819,HATE A-3.tif,19.914,0.738,0.18
459,HATE,B,yes,,1,136,,37,,380,305, ,,,11091,HATE B-1.tif,21.403,0.578,0.16
461,HATE,B,yes,,1.1,141,,35,,153,76, ,,,10194,HATE B-1-1.tif,17.152,0.49,0.13
460,HATE,B,yes,,2,93,,23,,302,244, ,,,6139,HATE B-2.tif,9.625,0.418,0.11
462,HATE,B,yes,,2.3,91,,23,,131,88, ,,,7160,HATE B-2-3.tif,15.23,0.662,0.18
463,HATE,B,yes,,2.4,130,,29,,129,80, ,,,7671,HATE B-2-4.tif,12.081,0.417,0.09
464,HATE,B,yes,,2.5,175,,40,,182,96, ,,,13089,HATE B-2-5.tif,24.253,0.606,0.14
465,HATE,B,yes,,2.6,175,,41,,184,101, ,,,10334,HATE B-2-6.tif,13.575,0.331,0.08
466,HATE,C,yes,,1,145,,36,,304,236, ,,,11735,HATE C-1.tif,15.105,0.42,0.1
467,HATE,C,yes,,1.1,45,,17,,173,118, ,,,4749,HATE C-1-1.tif,8.642,0.508,0.2
468,HATE,C,yes,,1.2,68,,16,,129,59, ,,,3928,HATE C-1-2.tif,8.372,0.523,0.13
472,HATE,C,yes,,1.3,46,,8,,175,153, ,,,3035,HATE C-1-3.tif,3.415,0.427,0.08
469,HATE,C,yes,,2,85,,14,,189,182, ,,,5236,HATE C-2.tif,6.696,0.478,0.08
470,HATE,C,yes,,2.1,139,,19,,145,86, ,,,5727,HATE C-2-1.tif,10.909,0.574,0.09
471,HATE,C,yes,,2.2,77,,10,,109,79, ,,,2542,HATE C-2-2.tif,4.845,0.485,0.08
473,HATE,C,yes,,1.3.1,41,,8,,100,67, ,,,1825,HATE C-1-3-1.tif,3.625,0.453,0.1
474,HATE,D,yes,,1,70,,19,,311,224, ,,,5636,HATE D-1.tif,9.572,0.504,0.15
475,HATE,D,yes,,1.1,134,,31,,185,90, ,,,7418,HATE D-1-1.tif,13.621,0.439,0.1
477,HATE,D,yes,,1.2,115,,27,,204,82, ,,,6100,HATE D-1-2.tif,11.339,0.42,0.1
479,HATE,D,yes,,1.3,55,,15,,120,66, ,,,2836,HATE D-1-3.tif,4.632,0.309,0.09
476,HATE,D,yes,,1.1.1,86,,20,,138,90, ,,,5990,HATE D-1-1-1.tif,12.064,0.603,0.15
478,HATE,D,yes,,1.2.1,120,,26,,145,83, ,,,6732,HATE D-1-2-1.tif,13.882,0.534,0.12
480,HATE,E,no,,1,251,,32,,292,267, 20% SHED,,,8326,HATE E-1.tif,11.853,0.37,0.05
481,HATE,E,yes,,1.1,75,,10,,125,91, ,,,3555,HATE E-1-1.tif,6.868,0.687,0.11
482,HATE,E,yes,,1.2,124,,15,,168,109, ,,,6140,HATE E-1-2.tif,10.778,0.719,0.1
483,HATE,E,yes,,1.3,139,,17,,166,101, ,,,6052,HATE E-1-3.tif,12.084,0.711,0.09
51,HEPU,A,no,,2,187,895,96,,93,66,5%SHED ,0.05,,1343,HEPU A-2.tif,7.607,0.079,0.04
50,HEPU,A,no,,1,31,115,11,,67,55,15%SHED ,0.15,,198,HEPU A-1.tif,0.624,0.057,0.02
65,HEPU,E,no,,1,150,1089,34,,128,56,30%SHED ,0.3,,862,HEPU E-1.tif,3.944,0.116,0.03
61,HEPU,D,no,,1,160,1145,30,,104,64,70%SHED ,0.7,,435,HEPU D-1.tif,1.924,0.064,0.01
811,HEPU,A,no,x,X,102,1053,,,125,114, ,,,,,,,
812,HEPU,B,no,x,1.X,27,46,,,47,46, ,,,,,,,
814,HEPU,D,no,tip,1.1.TIP,3,,,,,, ,,20,,,,,
813,HEPU,D,no,tip,1.3.TIP,4,,,,,, ,,30,,,,,
815,HEPU,E,no,tip,1.1.TIP,5,,,,,, ,,40,,,,,
817,HEPU,E,no,tip,1.2.1.TIP,3,,,,,, ,,14,,,,,
818,HEPU,E,no,tip,1.2.2.TIP,3,,,,,, ,,29,,,,,
819,HEPU,E,no,tip,1.2.3.TIP,2,,,,,, ,,22,,,,,
816,HEPU,E,no,tip,1.2.TIP,18,,,,,, ,,74,,,,,
56,HEPU,B,yes,,1.4,8,10,10,1.25,30,, ,#NAME?,,67,HEPU B-1-4.tif,0.34,0.034,0.04
52,HEPU,B,yes,,1.1,140,299,67,0.478571429,61,41, ,,,555,HEPU B-1-1.tif,3.615,0.054,0.03
53,HEPU,B,yes,,1.2,22,51,16,0.727272727,53,50, ,,,155,HEPU B-1-2.tif,0.744,0.046,0.03
55,HEPU,B,yes,,1.3,92,178,57,0.619565217,55,43, ,,,418,HEPU B-1-3.tif,2.463,0.043,0.03
54,HEPU,B,yes,,1.2.1,52,62,30,0.576923077,40,33, ,,,189,HEPU B-1-2-1.tif,1.035,0.035,0.02
57,HEPU,B,yes,x,1+1X,113,645,38,0.336283186,87,75, ,,,667,HEPU B-1&B-1X.tif,2.723,0.072,0.02
58,HEPU,C,yes,,1,98,433,48,0.489795918,83,60, ,,,801,HEPU C-1.tif,3.886,0.081,0.04
59,HEPU,C,yes,,1.1,67,114,40,0.597014925,46,42, ,,,406,HEPU C-1-1.tif,2.677,0.067,0.04
60,HEPU,C,yes,,1.2,20,32,17,0.85,51,45, ,,,173,HEPU C-1-2.tif,1.046,0.062,0.05
62,HEPU,D,yes,,1.1,63,105,36,0.571428571,50,34, ,,,266,HEPU D-1-1.tif,1.911,0.053,0.03
63,HEPU,D,yes,,1.2,73,136,34,0.465753425,46,36, ,,,279,HEPU D-1-2.tif,1.856,0.055,0.03
64,HEPU,D,yes,,1.3,122,345,58,0.475409836,81,51, ,,,600,HEPU D-1-3.tif,4.452,0.077,0.04
66,HEPU,E,yes,,1.1,103,206,32,0.310679612,57,35, ,,,393,HEPU E-1-1.tif,2.518,0.079,0.02
67,HEPU,E,yes,,1.2,124,467,46,0.370967742,105,42, ,,,833,HEPU E-1-2.tif,4.816,0.105,0.04
68,HEPU,E,yes,,1.2.1,29,47,7,0.24137931,45,39, ,,,93,HEPU E-1-2-1.tif,0.558,0.08,0.02
69,HEPU,E,yes,,1.2.2,79,148,31,0.392405063,55,38, ,,,347,HEPU E-1-2-2.tif,2.245,0.072,0.03
70,HEPU,E,yes,,1.2.3,32,55,10,0.3125,36,44, ,,,117,HEPU E-1-2-3.tif,0.72,0.072,0.02
150,LEES,A,no,,1,25,80,16,,75,66,10%shed ,0.1,,462,LEES A-1.tif,3.808,0.238,0.15
652,LEES,C,no,,1.1,14,255,,,71,57,30% SHED; with leaves ,0.3,,,,,,
633,LEES,E,no,,1.6,73,455,,,98,,35% shed; leaf weight includes tip ,0.35,,1184,,,,
167,LEES,C,no,,1,110,3319,23,,226,208,40%shed ,0.4,,1546,LEES C-1.tif,9.042,0.393,0.13
156,LEES,A,no,,4.more leaves,,285,,,,,6 leaves ,,,206,,,,
646,LEES,A,no,x,0.X,48,1436,,,231,222, ,,,,,,,
637,LEES,A,no,x,1.X,5,20,,,77,74, ,,,,,,,
639,LEES,A,no,x,1.X.X,47,461,,,148,118, ,,,,,,,
638,LEES,A,no,x,2.X,13,103,,,99,95, ,,,,,,,
642,LEES,A,no,x,3.X,30,288,,,125,114, ,,,,,,,
643,LEES,A,no,tip,4.1.TIP,3,71,,,,, ,,,,,,,
644,LEES,A,no,tip,4.2.TIP,3,71,,,,, ,,,,,,,
645,LEES,A,no,tip,4.3.TIP,5,137,,,,, ,,,,,,,
647,LEES,A,no,x,4.X.X,38,873,,,177,171, ,,,,,,,
648,LEES,A,no,,4.Y,10,89,,,121,117, ,,,,,,,
640,LEES,A,no,tip,5.1.TIP,3,27,,,,,2 leaves ,,,,,,,
641,LEES,A,no,x,5.X,65,647,,,137,131, ,,,,,,,
649,LEES,A,no,x,A.X,23,219,,,130,118, ,,,,,,,
651,LEES,B,no,tip,1.1.TIP,3,32,,,,,2 leaves ,,,,,,,
650,LEES,B,no,x,1.2.X,9,46,,,86,85, ,,,,,,,
653,LEES,C,no,tip,1.2.1.TIP,3,45,,,,, ,,,,,,,
655,LEES,C,no,tip,1.2.TIP,4,93,,,,, ,,,,,,,
656,LEES,C,no,tip,2.3.1.TIP,6,97,,,,, ,,,,,,,
665,LEES,D,no,,1.1,31,260,,,59,,"with leaves, tip ",,,,,,,
666,LEES,D,no,,1.11,19,96,,,56,,"with leaves, tip ",,,,,,,
663,LEES,D,no,,1.8,30,284,,,54,,"with leaves, tip ",,,,,,,
664,LEES,D,no,,1.9,22,177,,,51,,"with leaves, tip ",,,,,,,
657,LEES,D,no,tip,1.1.TIP,7,153,,,,,biggish tip ,,,,,,,
658,LEES,D,no,tip,1.2.TIP,3,111,,,,, ,,,,,,,
659,LEES,D,no,tip,1.3.TIP,4,59,,,,, ,,,,,,,
660,LEES,D,no,tip,1.5.TIP,7,69,,,,, ,,,,,,,
661,LEES,D,no,tip,1.6.TIP,5,86,,,,, ,,,,,,,
662,LEES,D,no,tip,1.7.TIP,5,141,,,,, ,,,,,,,
,LEES,E,no,tip,2.TIP,8,185,,,,, ,,,,,,,
669,LEES,E,no,tip,1.1.1.1.TIP,5,83,,,,, ,,,,,,,
667,LEES,E,no,,1.2.SIDES.A,28,174,,,79,,2 shoots ,,,226,,,,
668,LEES,E,no,,1.2.SIDES.B,21,104,,,65,,2 shoots ,,,290,,,,
670,LEES,E,no,,1.3.1,40,68,,,56,,leaf weight includes tip ,,,485,,,,
671,LEES,E,no,tip,1.3.2.TIP,7,132,,,,,8 leaves ,,,,,,,
632,LEES,E,no,tip,1.4.1.1.TIP,6,146,,,,,8 leaves ,,,,,,,
635,LEES,E,no,,1.5.1.1.SIDES,85,1310,,,81,64,2 shoots; with leaves ,,,,,,,
636,LEES,E,no,tip,1.5.1.1.TIP,5,178,,,,, ,,,,,,,
634,LEES,E,no,,1.5.1.SIDES,54,790,,,75,61,2 shoots;; with leaves ,,,,,,,
672,LEES,E,no,,2,40,468,,,149,131,25% SHED; 13 leaves ,0.25,,639,,,,
654,LEES,C,no,,1.2.2,22,90,,,86,58,leaf weight includes tip ,,,388,,,,
679,LEES,E,no,,1.8,161,686,,,82.5,,2-pronged branch; leaf weight includes tip ,,,2376,,,,
673,LEES,E,no,,1.4.2,53,195,,,89,,leaf weight includes tip ,,,985,,,,
674,LEES,E,no,,1.4.3,15,94,,,81,,leaf weight includes tip ,,,326,,,,
675,LEES,E,no,,1.7,154,648,,,85.33333333,,2-pronged branch; leaf weight includes tip ,,,2292,,,,
151,LEES,A,yes,,2,41,228,20,0.487804878,96,88, ,,,680,LEES A-2.tif,4.129,0.206,0.1
152,LEES,A,yes,,2.1,41,164,29,0.707317073,76,65, ,,,1037,LEES A-2-1.tif,8.894,0.307,0.22
153,LEES,A,yes,,3,53,422,24,0.452830189,110,110, ,,,1047,LEES A-3.tif,7.275,0.303,0.14
154,LEES,A,yes,,3.1,63,373,36,0.571428571,85,84, ,,,1626,LEES A-3-1.tif,12.516,0.348,0.21
155,LEES,A,yes,,3.2,25,116,21,0.84,82,71, ,,,674,LEES A-3-2.tif,5.686,0.271,0.27
156,LEES,A,yes,,4,36,285,15,0.416666667,114,106, ,,,616,LEES A-4.tif,4.285,0.286,0.12
157,LEES,A,yes,,4.1,41,143,23,0.56097561,78,61, ,,,752,LEES A-4-1.tif,6.027,0.262,0.15
158,LEES,A,yes,,4.2,23,51,14,0.608695652,58,50, ,,,348,LEES A-4-2.tif,2.931,0.209,0.14
159,LEES,A,yes,,4.3,49,180,24,0.489795918,82,67, ,,,755,LEES A-4-3.tif,6.075,0.253,0.13
160,LEES,A,yes,,5,27,158,13,0.481481481,92,92, ,,,398,LEES A-5.tif,3.161,0.243,0.12
161,LEES,A,yes,,5.1,12,23,11,0.916666667,53,38, ,,,184,LEES A-5-1.tif,1.812,0.165,0.15
162,LEES,A,yes,,5.2,37,118,25,0.675675676,78,54, ,,,706,LEES A-5-2.tif,6.123,0.245,0.17
163,LEES,B,yes,,1,79,973,40,0.506329114,144,136, ,,,2025,LEES B-1.tif,13.596,0.34,0.17
164,LEES,B,yes,,1.1,19,44,12,0.631578947,55,48, ,,,275,LEES B-1-1.tif,2.337,0.195,0.12
165,LEES,B,yes,,1.2,42,183,23,0.547619048,68,61, ,,,780,LEES B-1-2.tif,6.411,0.279,0.15
166,LEES,B,yes,,1.3,86,578,39,0.453488372,104,82, ,,,1913,LEES B-1-3.tif,14.526,0.372,0.18
168,LEES,C,yes,,1.2,140,1593,62,0.442857143,160,101, ,,,3477,LEES C-1-2.tif,21.344,0.344,0.16
170,LEES,C,no,,2,37,746,12,0.324324324,169,164,up%shed ,,,561,LEES C-2.tif,3.712,0.309,0.12
171,LEES,C,yes,,2.1,52,333,26,0.5,111,100, ,,,979,LEES C-2-1.tif,6.489,0.25,0.14
173,LEES,C,no,,2.2,63,384,23,0.365079365,99,79,up%shed ,,,900,LEES C-2-2.tif,5.983,0.26,0.1
174,LEES,C,yes,,2.3,51,321,25,0.490196078,109,97, ,,,793,LEES C-2-3.tif,5.267,0.211,0.11
176,LEES,C,yes,,2.4,35,183,18,0.514285714,107,79, ,,,637,LEES C-2-4.tif,4.294,0.239,0.13
169,LEES,C,yes,,1.2.1,30,129,20,0.666666667,72,67, ,,,619,LEES C-1-2-1.tif,4.862,0.243,0.16
172,LEES,C,yes,,2.1.1,45,198,23,0.511111111,86,67, ,,,946,LEES C-2-1-1.tif,7.133,0.31,0.18
175,LEES,C,yes,,2.3.1,39,175,25,0.641025641,107,68, ,,,930,LEES C-2-3-1.tif,7.302,0.292,0.19
177,LEES,C,yes,,2.4.1,41,143,26,0.634146341,78,53, ,,,816,LEES C-2-4-1.tif,6.467,0.249,0.17
178,LEES,D,yes,,1,188,2928,62,0.329787234,159,114, ,,,3387,LEES D-1.tif,23.587,0.38,0.13
179,LEES,D,yes,,1.1,62,210,25,0.403225806,81,58, ,,,938,LEES D-1-1.tif,7.784,0.311,0.13
180,LEES,D,yes,,1.2,50,147,23,0.46,69,64, ,,,726,LEES D-1-2.tif,6.356,0.276,0.13
181,LEES,D,no,,1.3,68,234,30,0.441176471,73,43,up%shed ,,,1014,LEES D-1-3.tif,8.691,0.29,0.14
182,LEES,D,no,,1.4,31,90,13,0.419354839,66,58,up%shed ,,,426,LEES D-1-4.tif,3.648,0.281,0.14
183,LEES,D,no,,1.5,53,173,21,0.396226415,77,67,up%shed ,,,767,LEES D-1-5.tif,6.45,0.307,0.13
184,LEES,D,no,,1.6,56,176,24,0.428571429,72,62,up%shed ,,,769,LEES D-1-6.tif,6.564,0.274,0.12
185,LEES,D,yes,,1.7,43,123,18,0.418604651,65,49, ,,,514,LEES D-1-7.tif,4.507,0.25,0.1
186,LEES,E,yes,,1,72,2426,25,0.347222222,224,187, ,,,1364,LEES E-1.tif,8.569,0.343,0.12
187,LEES,E,no,,1.1,35,258,11,0.314285714,97,94,up%shed ,,,538,LEES E-1-1.tif,3.694,0.336,0.17
192,LEES,E,no,,1.2,89,944,34,0.382022472,104,89,up%shed ,,,2254,LEES E-1-2.tif,15.056,0.443,0.18
193,LEES,E,yes,,1.3,47,337,17,0.361702128,95,92, ,,,879,LEES E-1-3.tif,6.281,0.369,0.13
195,LEES,E,no,,1.4,96,1011,42,0.4375,135,134,up%shed ,,,2444,LEES E-1-4.tif,16.523,0.393,0.19
198,LEES,E,no,,1.5,52,488,17,0.326923077,119,113,up%shed ,,,847,LEES E-1-5.tif,6.11,0.359,0.13
190,LEES,E,yes,,.1.1.2,27,132,16,0.592592593,86,71, ,,,425,LEES E-1-1-2.tif,3.632,0.227,0.13
188,LEES,E,no,,1.1.1,24,94,12,0.5,78,54,up%shed ,,,283,LEES E-1-1-1.tif,2.563,0.214,0.12
189,LEES,E,yes,,1.1.1.1,26,60,18,0.692307692,54,34, ,,,466,LEES E-1-1-1-1.tif,4.577,0.254,0.18
191,LEES,E,yes,,1.1.2.1,35,91,20,0.571428571,76,46, ,,,541,LEES E-1-1-2-1.tif,5.271,0.264,0.15
194,LEES,E,yes,,1.3.2,40,14,21,0.525,59,49, ,,,573,LEES E-1-3-2.tif,5.482,0.261,0.14
196,LEES,E,yes,,1.4.1,16,104,13,0.8125,92,86, ,,,330,LEES E-1-4-1.tif,2.746,0.211,0.17
197,LEES,E,yes,,1.4.1.1,35,105,22,0.628571429,88,69, ,,,683,LEES E-1-4-1-1.tif,6.382,0.29,0.18
199,LEES,E,yes,,1.5.1,28,210,15,0.535714286,100,97, ,,,393,LEES E-1-5-1.tif,3.265,0.218,0.12
200,LEES,E,yes,,1.5.1.1,54,193,24,0.444444444,85,48, ,,,807,LEES E-1-5-1-1.tif,7.486,0.312,0.14
833,LEMC,C,no,x,2.EXTRAS,60,,,,53,,4 BRANCHES; 5%SHED ,0.05,,,,,,
849,LEMC,D,no,,2.SIDES,85,,,,49.75,,6 BRANCHES; 5% SHED ,0.05,,,,,,
848,LEMC,D,no,,1.SIDES,40,,,,44,,3 BRANCHES; 10%SHED ,0.1,,,,,,
835,LEMC,C,no,x,1.EXTRAS,210,,,,52.33333333,,10 BRANCHES; 20%SHED ,0.2,,,,,,
839,LEMC,E,no,x,2.X,70,,,,115,106,20%SHED ,0.2,,,,,,
825,LEMC,A,no,,1,47,,,,89,88, ,,,,,,,
820,LEMC,A,no,,1.8,56,,,,65,49, ,,,,,,,
823,LEMC,A,no,x,1.2.EXTRA,72,,,,53.5,, ,,,,,,,
821,LEMC,A,no,,1.4-1.7,50,,,,60,48, ,,,,,,,
826,LEMC,A,no,x,1.EXTRA,80,,,,45,, ,,,,,,,
822,LEMC,A,no,x,1.X,71,,,,126,113, ,,,,,,,
824,LEMC,A,no,x,2.EXTRA,30,,,,43.5,, ,,,,,,,
830,LEMC,B,no,,2.2,80,,,,39.8,, ,,,,,,,
831,LEMC,B,no,,2.3,95,,,,36.25,, ,,,,,,,
829,LEMC,B,no,x,1.2.EXTRA,70,,,,50.75,, ,,,,,,,
827,LEMC,B,no,,1.SIDES,43,,,,54,, ,,,,,,,
828,LEMC,B,no,x,2.1.EXTRAS,98,,,,51.5,, ,,,,,,,
832,LEMC,C,no,,3,35,,,,41.5,,5 BRANCHES ,,,,,,,
834,LEMC,C,no,x,1.X,66,,,,132,120, ,,,,,,,
845,LEMC,D,no,,2.1,19,,,,79,77, ,,,,,,,
847,LEMC,D,no,x,1.X,8,,,,125,117, ,,,,,,,
843,LEMC,D,no,,2.1.1.1,18,,,,52.5,,2 BRANCHES ,,,,,,,
844,LEMC,D,no,,2.1.2,27,,,,51.5,,2 BRANCHES ,,,,,,,
846,LEMC,D,no,,2.2.2,84,,,,41.75,,6 BRANCHES ,,,,,,,
836,LEMC,E,no,x,1.1.EXTRAS,47,,,,39,, ,,,,,,,
841,LEMC,E,no,x,1.2.X,13,,,,67,56, ,,,,,,,
838,LEMC,E,no,x,1.EXTRA,17,,,,40,, ,,,,,,,
842,LEMC,E,no,x,2.2.EXTRAS,115,,,,52.66666667,, ,,,,,,,
837,LEMC,E,no,x,2.EXTRAS,54,,,,42.75,,4 BRANCHES ,,,,,,,
840,LEMC,E,no,x,2.X.EXTRAS,30,,,,51,42, ,,,,,,,
524,LEMC,A,no,,1.1,34,,54,,72,60, ,,,192,LEMC A-1-1.tif,1.228,0.023,0.04
523,LEMC,A,no,,1.2,28,,27,,85,75, ,,,74,LEMC A-1-2.tif,0.589,0.022,0.02
526,LEMC,A,no,,1.3,25,,42,,72,59, ,,,112,LEMC A-1-3.tif,0.933,0.022,0.04
527,LEMC,A,no,,2,53,,55,,84,63, ,,,154,LEMC A-2.tif,1.231,0.022,0.03
528,LEMC,A,no,,2.1,40,,70,,43.66666667,,1 BRANCH MISSING ,,,132,LEMC A-2-1.tif,1.151,0.016,0.03
525,LEMC,A,no,,1.2.1,44,,64,,64,64, ,,,172,LEMC A-1-2-1.tif,1.39,0.022,0.04
529,LEMC,B,no,,1,150,,130,,133,113, ,,,353,LEMC B-1.tif,2.856,0.022,0.02
531,LEMC,B,no,,1.1,74,,,,38.25,38.33333333, ,,,273,,,,0
532,LEMC,B,no,,1.2,54,,75,,46.66666667,34, ,,,140,LEMC B-1-2.tif,0.96,0.013,0.02
530,LEMC,B,no,,2,67,,69,,114,83, ,,,141,LEMC B-2.tif,1.083,0.016,0.02
533,LEMC,B,no,,2.1,38,,82,,46.33333333,36, ,,,129,LEMC B-2-1.tif,1.123,0.014,0.03
538,LEMC,C,no,,1.2,28,,83,,59.5,42, ,,,175,LEMC C-1-2.tif,1.596,0.019,0.07
534,LEMC,C,no,,2,44,,61,,84.5,86, ,,,185,LEMC C-2.tif,1.592,0.026,0.04
536,LEMC,C,no,,2.1,22,,71,,60,51, ,,,122,LEMC C-2-1.tif,1.237,0.017,0.06
535,LEMC,C,no,,3,53,,101,,64.5,, ,,,190,LEMC C-3.tif,2.004,0.02,0.04
539,LEMC,C,no,,3.1,31,,77,,49,50.5, ,,,139,LEMC C-3-1.tif,1.403,0.018,0.05
537,LEMC,C,no,,4,40,,76,,66,62,1 BRANCH MISSING ,,,149,LEMC C-4.tif,1.675,0.022,0.04
540,LEMC,D,no,,1,69,,57,,116,113, 10% SHED,,,307,LEMC D-1.tif,1.837,0.032,0.03
541,LEMC,D,no,,2,54,,42,,106,79,UP%shed 10% SHED,,,113,LEMC D-2.tif,0.836,0.02,0.02
545,LEMC,D,no,,2.4,32,,57,,42,38.5, ,,,108,LEMC D-2-4.tif,0.906,0.016,0.03
542,LEMC,D,no,,2.1.1,31,,47,,59,55, ,,,112,LEMC D-2-1-1.tif,1.001,0.021,0.03
544,LEMC,D,no,,2.2.1,55,,52,,50,33, ,,,86,LEMC D-2-2-1.tif,0.882,0.017,0.02
543,LEMC,D,no,,2.2+2.3,67,,55,,78,62,UP%shed ,,,153,LEMC D-2-2.tif,1.305,0.024,0.03
546,LEMC,D,no,,2.3.1+2.3.2,42,,73,,39,40.5, ,,,104,LEMC D-2-3-1.tif,1.235,0.017,0.03
547,LEMC,E,no,,1,58,,84,,142,123,UP%shed ,,,378,LEMC E-1.tif,2.416,0.029,0.05
550,LEMC,E,no,,1.1,70,,64,,57.83333333,, ,,,187,LEMC E-1-1.tif,1.239,0.019,0.02
552,LEMC,E,no,,1.2,49,,114,,39,, ,,,389,LEMC E-1-2.tif,2.603,0.023,0.05
548,LEMC,E,no,,2,98,,87,,97,91, ,,,409,LEMC E-2.tif,2.836,0.033,0.03
549,LEMC,E,no,,2.1,72,,106,,65,51, ,,,349,LEMC E-2-1.tif,2.614,0.025,0.04
553,LEMC,E,no,,2.2,56,,67,,45.5,, ,,,186,LEMC E-2-2.tif,1.348,0.02,0.03
551,LEMC,E,no,,1.1.1,41,,76,,43.75,, ,,,213,LEMC E-1-1-1.tif,1.564,0.021,0.04
959,PELA,A,no,x,1.X,67,,,,262,241, ,,,,,,,
960,PELA,D,no,x,2.X,29,,,,258,250, ,,,,,,,
962,PELA,E,no,x,1.1.X,55,,,,344,274, ,,,,,,,
963,PELA,E,no,x,1.2.1.X,35,,,,153,150, ,,,,,,,
964,PELA,E,no,x,1.2.2.X,38,,,,132,126, ,,,,,,,
961,PELA,E,no,x,2.1.X,48,,,,203,192, ,,,,,,,
399,PELA,A,yes,,1,52,,4,,252,177,"USE LENGTH 2 FOR WOOD, LENGTH 1 FOR LEAF REGRESSION ",,,7241,PELA-A-1.jpg,58.46,14.615,1.46
400,PELA,A,yes,,2,30,,3,,190,188,"USE LENGTH 2 FOR WOOD, LENGTH 1 FOR LEAF REGRESSION ",,,1998,PELA-A-2.jpg,17.753,5.918,1.04
401,PELA,A,no,tip,3.TIP,6,,4,,,,"USE LENGTH 2 FOR WOOD, LENGTH 1 FOR LEAF REGRESSION ",,,670,PELA-A-3.jpg,5.699,1.425,0.95
402,PELA,B,yes,,1,117,,11,,360,252,"USE LENGTH 2 FOR WOOD, LENGTH 1 FOR LEAF REGRESSION ",,,27534,PELA-B-1.jpg,168.178,15.289,1.53
403,PELA,B,yes,,2,39,,4,,286,205,"USE LENGTH 2 FOR WOOD, LENGTH 1 FOR LEAF REGRESSION ",,,7670,PELA-B-2.jpg,52.385,13.096,1.64
404,PELA,B,yes,,3,29,,6,,241,240,"USE LENGTH 2 FOR WOOD, LENGTH 1 FOR LEAF REGRESSION ",,,5214,PELA-B-3.jpg,37.752,6.292,1.51
405,PELA,B,no,tip,4.TIP,5,,6,,,,"USE LENGTH 2 FOR WOOD, LENGTH 1 FOR LEAF REGRESSION ",,,1024,PELA-B-4.jpg,7.355,1.226,1.47
406,PELA,C,yes,,1,53,,7,,339,323,"USE LENGTH 2 FOR WOOD, LENGTH 1 FOR LEAF REGRESSION ",,,10800,PELA-C-1.jpg,45.187,6.455,1.37
407,PELA,C,yes,,1.1,3,,4,,,,"USE LENGTH 2 FOR WOOD, LENGTH 1 FOR LEAF REGRESSION RING OF SMALL LEAVES",,,995,PELA-C-1-1.jpg,3.852,0.963,1.28
408,PELA,C,yes,,2,40,,4,,339,283,"USE LENGTH 2 FOR WOOD, LENGTH 1 FOR LEAF REGRESSION ",,,6435,PELA-C-2.jpg,38.001,9.5,1.73
409,PELA,C,yes,,3,120,,12,,287,265,"USE LENGTH 2 FOR WOOD, LENGTH 1 FOR LEAF REGRESSION ",,,17469,PELA-C-3.jpg,116.148,9.679,1.19
410,PELA,C,yes,,4,56,,11,,328,223,"USE LENGTH 2 FOR WOOD, LENGTH 1 FOR LEAF REGRESSION ",,,6977,PELA-C-4.jpg,55.295,5.027,1.11
411,PELA,C,yes,,5,40,,9,,215,143,"USE LENGTH 2 FOR WOOD, LENGTH 1 FOR LEAF REGRESSION ",,,3434,PELA-C-5.jpg,30.3,3.367,0.84
412,PELA,C,no,tip,6.TIP,5,,6,,,,"USE LENGTH 2 FOR WOOD, LENGTH 1 FOR LEAF REGRESSION ",,,635,PELA-C-6-TIP.jpg,5.387,0.898,1.08
413,PELA,D,yes,,1,30,,5,,301,275,"USE LENGTH 2 FOR WOOD, LENGTH 1 FOR LEAF REGRESSION ",,,10548,PELA-D-1.jpg,45.89,9.178,2
414,PELA,D,yes,,2,68,,6,,216,190,"USE LENGTH 2 FOR WOOD, LENGTH 1 FOR LEAF REGRESSION ",,,14094,PELA-D-2.jpg,87.916,14.653,1.47
415,PELA,D,yes,,3,40,,5,,192,187,"USE LENGTH 2 FOR WOOD, LENGTH 1 FOR LEAF REGRESSION ",,,6325,PELA-D-3.jpg,42.697,8.539,1.29
416,PELA,D,no,tip,4.TIP,1,,1,,,,"USE LENGTH 2 FOR WOOD, LENGTH 1 FOR LEAF REGRESSION ",,,233,PELA-D-4.jpg,1.702,1.702,1.7
417,PELA,E,yes,,1.1,125,,22,,291,277,"USE LENGTH 2 FOR WOOD, LENGTH 1 FOR LEAF REGRESSION ",,,20844,PELA-E-1-1.jpg,94.356,4.289,0.77
418,PELA,E,yes,,1.2,63,,16,,287,215,"USE LENGTH 2 FOR WOOD, LENGTH 1 FOR LEAF REGRESSION ",,,6418,PELA-E-1-2.jpg,44.659,2.791,0.74
422,PELA,E,yes,,1.3,56,,7,,207,136,"USE LENGTH 2 FOR WOOD, LENGTH 1 FOR LEAF REGRESSION ",,,2850,PELA-E-1-3.jpg,23.459,3.351,0.84
423,PELA,E,yes,,2.1,70,,11,,200,184,"USE LENGTH 2 FOR WOOD, LENGTH 1 FOR LEAF REGRESSION ",,,9278,PELA-E-2-1.jpg,43.532,3.957,0.64
424,PELA,E,yes,,2.2,76,,12,,219,172,"USE LENGTH 2 FOR WOOD, LENGTH 1 FOR LEAF REGRESSION ",,,3953,PELA-E-2-2.jpg,28.546,2.379,0.63
425,PELA,E,yes,,2.3,15,,7,,157,155,"USE LENGTH 2 FOR WOOD, LENGTH 1 FOR LEAF REGRESSION ",,,2012,PELA-E-2-3.jpg,16.277,2.325,1.09
419,PELA,E,yes,,1.2.1,40,,7,,171,79,"USE LENGTH 2 FOR WOOD, LENGTH 1 FOR LEAF REGRESSION ",,,2899,PELA-E-1-2-1.jpg,22.133,3.162,0.76
420,PELA,E,no,tip,1.2.1.1.TIP,9,,6,,,,"USE LENGTH 2 FOR WOOD, LENGTH 1 FOR LEAF REGRESSION ",,,1308,PELA-E-1-2-1-1.jpg,12.442,2.074,1.38
421,PELA,E,no,tip,1.2.2.TIP,25,,7,,145,,"INCLUDES TIP; USE LENGTH 2 FOR WOOD, LENGTH 1 FOR LEAF REGRESSION ",,,2273,PELA-E-1-2-2.jpg,19.565,2.795,0.93
426,PELA,E,no,tip,1.4.TIP,5,,6,,,,"USE LENGTH 2 FOR WOOD, LENGTH 1 FOR LEAF REGRESSION ",,,787,PELA-E-1-4-TIP.jpg,7.904,1.317,1.58
853,PEPI,A,no,,1.1,43,,,,92,79,"LEAVES, SHORT NEEDLES; 60%SHED ",0.6,,,,,,
854,PEPI,A,no,tip,3.TIP,5,,,,,, ,,,,,,,
857,PEPI,B,no,,1.2,49,,,,154,148, ,,,,,,,
855,PEPI,B,no,x,1.X,39,,,,350,311, ,,,,,,,
856,PEPI,B,no,tip,3.3.TIP,42,,,,,, ,,,,,,,
850,PEPI,G,no,,2.4,73,,,,100,88,"INCLUDES TIP, LEAVES ",,,,,,,
851,PEPI,G,no,,2.5,35,,,,103,65,"INCLUDES TIP, LEAVES ",,,,,,,
852,PEPI,G,no,tip,2.TIP,77,,,,,,2 TIPS ,,,,,,,
484,PEPI,A,no,,1,75,,,,223,202, ,,,1449,,,,0
485,PEPI,A,no,,2,50,,,,223,199, 30% SHED,,,1800,,,,0
487,PEPI,A,no,,2.1,31,,,,90,77,UP%shed ,,,765,,,,0
486,PEPI,A,no,,3,122,,,,187,156, 5% SHED,,,5929,,,,0
490,PEPI,A,no,,3.1,32,,,,85,80, CHECK LENGTH ON SPECIMEN,,,560,,,,0
491,PEPI,A,no,,3.2,29,,,,76,74, ,,,556,,,,0
492,PEPI,A,no,,3.3,30,,,,86,84, CHECK LENGTH ON SPECIMEN,,,534,,,,0
488,PEPI,A,no,,4,60,,,,156,154, ,,,2205,,,,0
493,PEPI,A,no,tip,"3.1,3.2,3.3.TIPS",42,,,,,, ,,,528,,,,0
489,PEPI,A,no,tip,4.TIP,22,,,,,, ,,,830,,,,0
494,PEPI,B,no,,1.1,50,,,,123,95, 30% SHED,,,2107,,,,0
496,PEPI,B,no,,2,109,,,,310,265,UP%shed 70% SHED,,,2594,,,,0
502,PEPI,B,no,,2.1,35,,,,113,98, 50% SHED,,,836,,,,0
497,PEPI,B,no,,3,117,,,,252,191, ,,,23881,,,,0
495,PEPI,B,no,tip,1.1.TIPS,28,,,,,, ,,,701,,,,0
501,PEPI,B,no,,1.2.1,50,,,,112,110,UP%shed; WITH TINY TIPS 50% SHED,,,1134,,,,0
500,PEPI,B,no,,1.2.2,40,,,,107,92,UP%shed ,,,1900,,,,0
498,PEPI,B,no,tip,3.1.TIP,52,,,,,, ,,,1522,,,,0
499,PEPI,B,no,tip,3.2.TIP,56,,,,,, ,,,1761,,,,0
503,PEPI,F,no,,1,137,,175,,,, 10% SHED,,,8293,PEPI F-1-A.tif,22.714,0.13,0.17
505,PEPI,F,no,,2,56,,145,,170,170, 15% SHED,,,5496,PEPI F-2.tif,23.459,0.162,0.42
508,PEPI,F,no,,2.1,47,,71,,83,73, ,,,1765,PEPI F-2-1.tif,10.362,0.146,0.24
510,PEPI,F,no,,2.2,53,,,,85,83, ,,,1982,,,,0
506,PEPI,F,no,,3,87,,,,132,99, ,,,7286,,,,0
509,PEPI,F,no,tip,2.1.TIP,21,,,,,, ,,,398,,,,0
511,PEPI,F,no,tip,2.2.TIP,19,,,,,, ,,,208,,,,0
507,PEPI,F,no,tip,3.TIP,32,,,,,, ,,,814,,,,0
512,PEPI,G,no,,1,74,,,,268,249, ,,,11161,,,,0
514,PEPI,G,no,,1.1,49,,,,143,130, ,,,2261,,,,0
513,PEPI,G,no,,2,88,,,,237,197, ,,,12863,,,,0
517,PEPI,G,no,,2.1,74,,,,123,92, ,,,3936,,,,0
520,PEPI,G,no,,2.2,100,,,,142,95, ,,,6889,,,,0
521,PEPI,G,no,,2.3,57,,,,120,82, ,,,3087,,,,0
516,PEPI,G,no,,1.1.1,80,,,,147,99, ,,,6942,,,,0
515,PEPI,G,no,tip,1.1.1.TIP,40,,,,,, ,,,1502,,,,0
518,PEPI,G,no,tip,2.1.TIP,45,,,,,, ,,,1442,,,,0
519,PEPI,G,no,tip,2.2.TIP,46,,,,,, ,,,1796,,,,0
522,PEPI,G,no,tip,2.3.TIP,29,,,,,, ,,,696,,,,0
504,PEPI,F,no,,1,137,,90,,219,171, ,,,,PEPI F-1-B.tif,10.864,0.121,0.08
623,PHPH,A,no,,1.3.Y,23,,,,179,158,"30% shed, short needles ",0.3,,,,,,
616,PHPH,B,no,,A,22,,,,182,124,50% SHED ,0.5,,,,,,
620,PHPH,A,no,,1.2.Y,12,,,,256,106,"90% SHED, CONE SHAPED ",0.9,,,,,,
260,PHPH,A,no,tip,1.1.1.TIP,23,,,,,, ,,,613,,,,0
261,PHPH,A,no,tip,1.1.2.TIP,14,,,,,, ,,,335,,,,0
262,PHPH,A,no,tip,1.2.1.TIP,20,,,,,, ,,,443,,,,0
263,PHPH,A,no,tip,1.2.2.TIP,20,,,,,, ,,,466,,,,0
619,PHPH,A,no,x,1.2.X,12,,,,198,193, ,,,,,,,
621,PHPH,A,no,tip,1.3.1.TIP,20,,,,,, ,,,,,,,
622,PHPH,A,no,tip,1.3.2.TIP,12,,,,,, ,,,,,,,
618,PHPH,A,no,x,1.X,93,,,,268,258, ,,,,,,,
604,PHPH,B,no,,2.7,65,,,,85,83, ,,,,,,,
606,PHPH,B,no,,2.8,53,,,,85,84, ,,,,,,,
611,PHPH,B,no,,2.9,28,,,,82,131,INCLUDES TIP ,,,,,,,
264,PHPH,B,no,tip,2.1.TIP,18,,,,,, ,,,445,,,,0
603,PHPH,B,no,x,2.1X,7,,,,116,114, ,,,,,,,
265,PHPH,B,no,tip,2.2.TIP,17,,,,,, ,,,410,,,,0
615,PHPH,B,no,x,2.2.X,6,,,,105,, ,,,,,,,
614,PHPH,B,no,tip,2.3.TIP,13,,,,,, ,,,,,,,
266,PHPH,B,no,tip,2.4.TIP,21,,,,,, ,,,672,,,,0
612,PHPH,B,no,x,2.4X,25,,,,124,119, ,,,,,,,
610,PHPH,B,no,x,2.5X,28,,,,143,131, ,,,,,,,
608,PHPH,B,no,tip,2.6.TIP,18,,,,,, ,,,,,,,
609,PHPH,B,no,x,2.6X,14,,,,151,131, ,,,,,,,
605,PHPH,B,no,tip,2.7.TIP,13,,,,,, ,,,,,,,
607,PHPH,B,no,tip,2.8.TIP,15,,,,,, ,,,,,,,
613,PHPH,B,no,,2.Y,10,,,,222,250, ,,,,,,,
617,PHPH,B,no,tip,A.TIPS,33,,,,,, ,,,,,,,
600,PHPH,C,no,x,1.1X,59,,,,124,116, ,,,,,,,
601,PHPH,C,no,x,1.2X,66,,,,186,168, ,,,,,,,
267,PHPH,C,no,tip,1.4.TIP,15,,,,,, ,,,449,,,,0
602,PHPH,C,no,x,1X,10,,,,239,204, ,,,,,,,
627,PHPH,E,no,,3.7,23,86,,,85,77, ,,,532,,,,
283,PHPH,E,no,tip,1.2.TIP,21,,,,,, ,,,325,,,,0
624,PHPH,E,no,x,1.2.X,10,134,,,139,127, ,,,,,,,
284,PHPH,E,no,tip,1.3.1.TIP,27,,,,,, ,,,933,,,,0
626,PHPH,E,no,x,1.3.X,8,226,,,188,206, ,,,,,,,
625,PHPH,E,no,x,1.X,66,4101,,,372,330, ,,,,,,,
285,PHPH,E,no,tip,3.1.1.TIP,29,,,,,, ,,,1027,,,,0
286,PHPH,E,no,tip,3.5.1.TIP,19,,,,,, ,,,455,,,,0
287,PHPH,E,no,tip,3.6.1.TIP,19,,,,,, ,,,665,,,,0
628,PHPH,E,no,tip,3.7.TIP,12,121,,,,, ,,,,,,,
629,PHPH,E,no,tip,3.TIP,6,125,,,,, ,,,,,,,
630,PHPH,F,no,,1.EXTRA,13,,,,300,, ,,,,,,,
631,PHPH,F,no,tip,2.1.1.1.TIP,9,,,,,, ,,,,,,,
299,PHPH,F,no,tip,3.1.1.TIP,21,,,,,, ,,,546,,,,0
300,PHPH,F,no,tip,4.TIP,22,,,,105,70,starting to shrink ,,,902,,,,0
236,PHPH,A,no,,1.1,69,,63,0.913043478,182,164,up%shed ,,,1702,PHPH A-1-1.tif,9.037,0.143,0.15
239,PHPH,A,yes,,1.2,68,,107,1.573529412,197,192, ,,,3202,PHPH A-1-2.tif,17.527,0.164,0.25
243,PHPH,A,yes,,1.3,48,,67,1.395833333,159,158, ,,,1662,PHPH A-1-3.tif,9.159,0.137,0.19
237,PHPH,A,yes,,1.1.1,85,,132,1.552941176,141,100, ,,,2458,PHPH A-1-1-1.tif,19.832,0.15,0.23
238,PHPH,A,yes,,1.1.2,59,,108,1.830508475,111,100, ,,,1872,PHPH A-1-1-2.tif,14.582,0.135,0.25
240,PHPH,A,yes,,1.2.1,94,,143,1.521276596,128,109, ,,,3175,PHPH A-1-2-1.tif,22.325,0.156,0.24
241,PHPH,A,yes,,1.2.2,77,,118,1.532467532,122,95, ,,,2380,PHPH A-1-2-2.tif,17.962,0.152,0.23
242,PHPH,A,yes,,1.2.3,20,,43,2.15,98,76, ,,,647,PHPH A-1-2-3.tif,4.385,0.102,0.22
244,PHPH,A,yes,,1.3.1,64,,105,1.640625,109,92, ,,,1859,PHPH A-1-3-1.tif,14.001,0.133,0.21
245,PHPH,A,yes,,1.3.2,55,,93,1.690909091,88,77, ,,,1545,PHPH A-1-3-2.tif,11.59,0.125,0.21
246,PHPH,A,yes,,1.3.3,49,,78,1.591836735,83,72, ,,,1118,PHPH A-1-3-3.tif,8.868,0.114,0.18
247,PHPH,B,yes,,1,75,,45,0.6,251,239, ,,,1341,PHPH B-1.tif,6.698,0.149,0.09
248,PHPH,B,yes,,2,95,,158,1.663157895,246,245, ,,,5624,PHPH B-2.tif,28.085,0.178,0.3
249,PHPH,B,yes,,2.1,72,,103,1.430555556,98,88, ,,,1567,PHPH B-2-1.tif,12.891,0.125,0.18
250,PHPH,B,yes,,2.2,43,,62,1.441860465,111,91, ,,,853,PHPH B-2-2.tif,7.184,0.116,0.17
251,PHPH,B,yes,,2.3,26,,45,1.730769231,78,66, ,,,486,PHPH B-2-3.tif,4.354,0.097,0.17
252,PHPH,B,yes,,2.4,82,,118,1.43902439,116,104, ,,,2174,PHPH B-2-4.tif,18.307,0.155,0.22
253,PHPH,B,yes,,2.5,77,,118,1.532467532,114,100, ,,,2070,PHPH B-2-5.tif,16.892,0.143,0.22
254,PHPH,B,yes,,2.6,75,,91,1.213333333,98,93, ,,,1199,PHPH B-2-6.tif,10.202,0.112,0.16
255,PHPH,B,yes,x,2.X,60,,136,2.266666667,,, ,,,1749,PHPH B-2-X.tif,12.075,0.089,0.21
256,PHPH,C,yes,,1.1,50,,70,1.4,133,124, ,,,1555,PHPH C-1-1.tif,9.018,0.129,0.18
257,PHPH,C,yes,,1.2,72,,135,1.875,178,172, ,,,3095,PHPH C-1-2.tif,18.361,0.136,0.26
258,PHPH,C,yes,,1.3,79,,208,2.632911392,149,134, ,,,4298,PHPH C-1-3.tif,27.452,0.132,0.35
259,PHPH,C,yes,,1.4,34,,89,2.617647059,137,92, ,,,1361,PHPH C-1-4.tif,10.932,0.123,0.32
270,PHPH,E,yes,,1.1,54,385,132,2.444444444,113,102, ,,,2116,PHPH E-1-1.jpg,11.6,0.088,0.23
271,PHPH,E,yes,,1.2,64,490,142,2.21875,127,107, ,,,2627,PHPH E-1-2.jpg,15.832,0.111,0.25
272,PHPH,E,yes,,1.3,140,2340,330,2.357142857,188,148, ,,,8217,PHPH E-1-3.jpg,40.447,0.123,0.29
268,PHPH,E,yes,,2,100,3990,52,0.52,287,241, ,,,1579,PHPH E-2.jpg,7.572,0.146,0.08
269,PHPH,E,no,,3,108,3057,151,1.398148148,233,204,up%shed ,,,5954,PHPH E-3.jpg,29.125,0.193,0.28
274,PHPH,E,yes,,3.1,51,542,107,2.098039216,144,129,4 leaves attached=88g-4 ,,,2102,PHPH E-3-1.jpg,11.803,0.11,0.22
276,PHPH,E,yes,,3.2,42,285,96,2.285714286,127,88, ,,,1683,PHPH E-3-2.jpg,10.061,0.105,0.26
277,PHPH,E,yes,,3.3,49,366,110,2.244897959,111,105, ,,,2156,PHPH E-3-3.jpg,12.325,0.112,0.25
278,PHPH,E,yes,,3.4,51,394,118,2.31372549,102,92, ,,,2265,PHPH E-3-4.jpg,11.925,0.101,0.24
279,PHPH,E,yes,,3.5,41,386,103,2.512195122,134,107, ,,,1470,PHPH E-3-5.jpg,8.269,0.08,0.21
281,PHPH,E,no,,3.6,61,705,135,2.213114754,153,142,up%shed ,,,2713,PHPH E-3-6.jpg,14.46,0.107,0.26
273,PHPH,E,yes,,1.3.1,78,753,165,2.115384615,165,131, ,,,3657,PHPH E-1-3-1.jpg,24.461,0.148,0.31
275,PHPH,E,yes,,3.1.1,49,334,81,1.653061224,117,95, ,,,1905,PHPH E-3-1-1.jpg,12.35,0.152,0.26
280,PHPH,E,yes,,3.5.1,42,243,90,2.142857143,105,98, ,,,1726,PHPH E-3-5-1.jpg,11.05,0.123,0.26
282,PHPH,E,yes,,3.6.1,38,230,84,2.210526316,113,97, ,,,1501,PHPH E-3-6-1.jpg,9.637,0.115,0.25
288,PHPH,F,yes,,1,221,,184,0.832579186,315,258, ,,,5937,PHPH F-1.jpg,33.716,0.183,0.15
289,PHPH,F,no,,2,69,,75,1.086956522,229,210,?up%shed ,,,1549,PHPH F-2.jpg,9.119,0.122,0.15
290,PHPH,F,yes,,2.1,120,,133,1.108333333,202,193, NOT A SPECIFIC LEAF COHORT,,,4195,PHPH F-2-1.jpg,21.87,0.164,0.18
294,PHPH,F,no,,2.2,48,,43,0.895833333,127,113,?up%shed ,,,1246,PHPH F-2(2).tif,6.683,0.155,0.19
295,PHPH,F,yes,,3,111,,159,1.432432432,135,116, ,,,3555,PHPH-F-3.tif,23.924,0.15,0.2
296,PHPH,F,yes,,3.1,53,,86,1.622641509,176,144, ,,,1852,PHPH-F-3-1.tif,11.366,0.132,0.22
297,PHPH,F,yes,,3.2,35,,77,2.2,108,81, ,,,1149,PHPH-F-3-2.tif,8.063,0.105,0.23
298,PHPH,F,yes,,4,60,,85,1.416666667,147,106, ,,,1873,PHPH-F-4.tif,14.889,0.175,0.25
291,PHPH,F,yes,,2.1.1,80,,123,1.5375,178,172, ,,,3405,PHPH-F-2-1-1.tif,19,0.154,0.24
292,PHPH,F,yes,,2.1.1.1,62,,122,1.967741935,185,111, ,,,3308,PHPH-F-2-1-1-1.tif,18.684,0.153,0.3
293,PHPH,F,yes,,2.2.1,60,,110,1.833333333,121,103, ,,,2428,PHPH-F-2-2-1.tif,14.862,0.135,0.25
335,PILI,C,no,,2,118,,44,,97,80,10%SHED ,0.1,,682,PILI-C-2.jpg,6.531,0.148,0.06
340,PILI,E,no,,1,95,,26,,74,73,20%SHED ,0.2,,223,PILI-E-1.jpg,3.101,0.119,0.04
329,PILI,B,no,,1.1,37,,10,,73,63,50% SHED ,0.5,,117,PILI-B-1-1.jpg,1.152,0.115,0.03
331,PILI,B,no,,1.3,75,,19,,76,60,60%SHED ,0.6,,218,PILI-B-1-3.jpg,2.053,0.108,0.04
334,PILI,C,no,,1,115,,9,,118,110,60%SHED ,0.6,,245,PILI-C-1.jpg,2.146,0.238,0.02
325,PILI,A,no,,1,107,,9,,129,120,85%SHED 70% SHED,0.85,,168,PILI-A-1.jpg,1.657,0.184,0.02
902,PILI,A,no,,1.1.EXTRAS,12,,,,69,,SHORT BIT ,,,,,,,
904,PILI,A,no,tip,1.2.1.TIP,15,,,,,, ,,,,,,,
903,PILI,A,no,,1.2.SIDE,5,,,,,, ,,,,,,,
343,PILI,B,no,tip,1.1.1.TIP,21,,,,47,46, ,,,113,,,,0
906,PILI,B,no,x,1.1.X,10,,,,88,84,NO LEAVES ,,,,,,,
908,PILI,B,no,,1.2.SIDE,5,,,,,, ,,,,,,,
344,PILI,B,no,tip,1.2.TIP,23,,,,,, ,,,134,,,,0
907,PILI,B,no,x,1.2.X,53,,,,116,87,NO LEAVES ,,,,,,,
345,PILI,B,no,tip,1.3.1.TIP,10,,,,,, ,,,46,,,,0
333,PILI,B,no,tip,1.3.2.TIP,12,,,,,, ,,,52,,,,0
905,PILI,B,no,x,1.X,49,,,,184,170,NO LEAVES ,,,,,,,
909,PILI,D,no,x,1.X,65,,,,90,83,NO LEAVES ,,,,,,,
910,PILI,D,no,tip,2.TIP,21,,,,,, ,,,,,,,
911,PILI,D,no,tip,3.TIP,1,,,,,,TINY LEAF TIP ,,,,,,,
326,PILI,A,yes,,1.1,47,,21,0.446808511,57,32, ,,,219,PILI-A-1-1.jpg,2.524,0.12,0.05
327,PILI,A,yes,,1.2,65,,32,0.492307692,80,66, ,,,322,PILI-A-1-2.jpg,3.756,0.117,0.05
328,PILI,A,yes,,1.2.1,47,,14,0.29787234,55,32, ,,,175,PILI-A-1-2-1.jpg,2.512,0.179,0.06
330,PILI,B,yes,,1.2,55,,30,0.545454545,71,63, ,,,577,PILI-B-1-2.jpg,5.351,0.178,0.11
332,PILI,B,yes,,1.3.2,21,,16,0.761904762,41,14, ,,,117,PILI-B-1-3-2.jpg,1.55,0.097,0.07
336,PILI,C,yes,,3,15,,9,0.6,50,38,LAST BIT OF LENGTH WAS PART OF FLOWER ,,,183,PILI-C-3.jpg,1.814,0.202,0.08
337,PILI,D,yes,,1,90,,6,0.066666667,95,80, ,,,88,PILI-D-1.jpg,0.812,0.135,0.01
338,PILI,D,yes,,2,33,,9,0.272727273,67,62, ,,,93,PILI-D-2.jpg,0.95,0.106,0.03
339,PILI,D,yes,,3,18,,9,0.5,15,14, ,,,92,PILI-D-3.jpg,1.306,0.145,0.07
341,PILI,E,yes,,2,105,,20,0.19047619,67,66, ,,,427,PILI-E-2.jpg,4.794,0.24,0.05
342,PILI,E,yes,,3,50,,14,0.28,39,18,?; has shrunk ,,,150,PILI-E-3.jpg,2.264,0.162,0.04
935,PUTU,D,no,,3.3,124,,,,116,,30%SHED; INC LEAVES ,0.3,,,,,,
953,PUTU,E,no,,3.4,59,,,,93,88,30%SHED; INCLUDES 9MM TIP ,0.3,,,,,,
931,PUTU,D,no,,3.4,92,,,,93,,40%SHED; INCLUDES TIP ,0.4,,,,,,
944,PUTU,E,no,,3.5,54,,,,97,93,50%SHED ,0.5,,,,,,
926,PUTU,C,no,x,1.1.X,26,,,,97,97,WITH LEAVES; 75%SHED ,0.75,,,,,,
951,PUTU,E,no,x,1.3.X,17,,,,109,79,80%SHED ,0.8,,,,,,
945,PUTU,E,no,x,2.X,78,,,,184,181,80%SHED ,0.8,,,,,,
939,PUTU,D,no,,1.2,140,,,,96,,90%SHED ,0.9,,,,,,
916,PUTU,A,no,,2.1,37,,,,69,,WITH LEAVES ,,,,,,,
354,PUTU,A,no,tip,1.1.TIP,8,,,,,, ,,,59,,,,0
913,PUTU,A,no,x,1.1.X,102,,,,107,99, ,,,,,,,
355,PUTU,A,no,tip,1.2.TIP,7,,,,,, ,,,41,,,,0
914,PUTU,A,no,x,1.2.X,67,,,,100,85, ,,,,,,,
356,PUTU,A,no,tip,1.3.TIP,6,,,,,, ,,,45,,,,0
915,PUTU,A,no,x,1.3.X,108,,,,89,50, ,,,,,,,
912,PUTU,A,no,x,1.X,167,,,,181,106, ,,,,,,,
350,PUTU,A,no,tip,2.2.TIP,10,,,,,, ,,,52,,,,0
917,PUTU,A,no,x,2.2.X,33,,,,106,88, ,,,,,,,
918,PUTU,A,no,x,2.3.X,30,,,,96,78, ,,,,,,,
357,PUTU,A,no,tip,2.4.TIP,12,,,,,, ,,,75,,,,0
919,PUTU,A,no,x,2.4.X,26,,,,94,94, ,,,,,,,
921,PUTU,A,no,tip,2.5.TIP,5,,,,,, ,,,,,,,
920,PUTU,A,no,x,2.5.X,42,,,,109,102, ,,,,,,,
362,PUTU,B,no,tip,1.1.TIP,10,,,,,, ,,,129,,,,0
924,PUTU,B,no,tip,1.2.TIP,11,,,,,, ,,,,,,,
922,PUTU,B,no,x,1.X,83,,,,162,151, ,,,,,,,
923,PUTU,B,no,,1.Y,25,,,,134,116, ,,,,,,,
363,PUTU,B,no,tip,2.TIP,14,,,,,, ,,,207,,,,0
927,PUTU,C,no,tip,1.1.TIP,5,,,,,, ,,,,,,,
925,PUTU,C,no,x,1.X,69,,,,176,159, ,,,,,,,
928,PUTU,C,no,,2.1.SIDE,5,,,,,, ,,,,,,,
929,PUTU,C,no,tip,2.2.TIP,11,,,,,, ,,,,,,,
930,PUTU,C,no,tip,2.3.TIP,10,,,,,, ,,,,,,,
371,PUTU,C,no,tip,4.TIP,15,,,,,, ,,,141,,,,0
940,PUTU,D,no,,1.3,48,,,,77,, ,,,,,,,
932,PUTU,D,no,,3.7,68,,,,101,,INCLUDES TIPS ,,,,,,,
958,PUTU,D,no,,1.1.1,42,,,,,,WITH LEAVES ,,,,,,,
941,PUTU,D,no,x,1.1.X,59,,,,111,109, ,,,,,,,
957,PUTU,D,no,x,1.X,55,,,,239,233,NO LEAVES ,,,,,,,
381,PUTU,D,no,tip,2.1.1.TIP,13,,,,,, ,,,151,,,,0
938,PUTU,D,no,tip,2.1.1.TIP,13,,,,,, ,,,,,,,
937,PUTU,D,no,tip,2.1.2.TIP,17,,,,,, ,,,,,,,
936,PUTU,D,no,x,2.X,114,,,,223,173, ,,,,,,,
382,PUTU,D,no,tip,3.1.TIP,12,,,,,, ,,,167,,,,0
934,PUTU,D,no,tip,3.2.TIP,13,,,,,, ,,,,,,,
933,PUTU,D,no,tip,3.5.TIP,19,,,,,, ,,,,,,,
383,PUTU,D,no,tip,3.6.TIP,11,,,,,, ,,,165,,,,0
942,PUTU,D,no,x,3.6.X,17,,,,101,, ,,,,,,,
943,PUTU,D,no,x,3.6.X.X,9,,,,141,, ,,,,,,,
398,PUTU,E,no,tip,1.1.TIP,10,,,,,, ,,,77,,,,0
396,PUTU,E,no,tip,1.2.TIP,10,,,,,, ,,,75,,,,0
949,PUTU,E,no,x,1.2.X,27,,,,107,87, ,,,,,,,
950,PUTU,E,no,tip,1.3.TIP,7,,,,,, ,,,,,,,
947,PUTU,E,no,tip,1.4.TIP,17,,,,,, ,,,,,,,
948,PUTU,E,no,x,1.4.X,28,,,,118,106, ,,,,,,,
946,PUTU,E,no,x,1.X,72,,,,281,235, ,,,,,,,
954,PUTU,E,no,tip,2.1.TIP,7,,,,,, ,,,,,,,
397,PUTU,E,no,tip,3.1.1.TIP,12,,,,,, ,,,150,,,,0
956,PUTU,E,no,tip,3.1.1.TIP,29,,,,,,TIP+SIDE ,,,,,,,
952,PUTU,E,no,tip,3.2.TIPS,24,,,,,,SIDE+2TIPS ,,,,,,,
346,PUTU,A,yes,,1.1,39,,48,1.230769231,94,56, 5% SHED,,,677,PUTU-A-1-1.jpg,8.193,0.171,0.21
347,PUTU,A,yes,,1.2,28,,37,1.321428571,99,62, ,,,461,PUTU-A-1-2.jpg,5.717,0.155,0.2
348,PUTU,A,yes,,1.3,28,,38,1.357142857,103,74, ,,,483,PUTU-A-1-3.jpg,5.734,0.151,0.2
349,PUTU,A,yes,,2.2,35,,52,1.485714286,105,44, ,,,699,PUTU-A-2-2.jpg,7.62,0.147,0.22
351,PUTU,A,yes,,2.3,37,,47,1.27027027,90,53, ,,,691,PUTU-A-2-3.jpg,6.776,0.144,0.18
352,PUTU,A,yes,,2.4,35,,51,1.457142857,127,118, ,,,706,PUTU-A-2-4.jpg,6.919,0.136,0.2
353,PUTU,A,yes,,2.5,37,,55,1.486486486,107,52, ,,,750,PUTU-A-2-5.jpg,7.99,0.145,0.24
358,PUTU,B,no,,1,95,,67,0.705263158,137,137, 10% SHED,,,2394,PUTU-B-1.jpg,16.433,0.245,0.17
360,PUTU,B,yes,,1.1,40,,57,1.425,87,75, ,,,720,PUTU-B-1-1.jpg,6.889,0.121,0.17
361,PUTU,B,yes,,1.2,36,,53,1.472222222,80,62, ,,,679,PUTU-B-1-2.jpg,6.68,0.126,0.19
359,PUTU,B,yes,,2,60,,109,1.816666667,109,95, ,,,1763,PUTU-B-2.jpg,14.768,0.135,0.25
364,PUTU,C,yes,,1.1,32,,60,1.875,106,92, ,,,606,PUTU-C-1-1.jpg,6.171,0.103,0.19
365,PUTU,C,no,,2,81,,40,0.49382716,146,118,up%shed; BEFORE 20-25% 20-25% SHED,,,1138,PUTU-C-2.jpg,8.225,0.206,0.13
366,PUTU,C,yes,,2.1,60,,74,1.233333333,92,67, ,,,899,PUTU-C-2-1.jpg,9.115,0.123,0.15
368,PUTU,C,yes,,2.3,47,,50,1.063829787,96,41, ,,,702,PUTU-C-2-3.jpg,6.732,0.135,0.14
369,PUTU,C,no,,3,58,,55,0.948275862,125,197,up%shed ,,,952,PUTU-C-3.jpg,8.66,0.157,0.17
370,PUTU,C,yes,,4,32,,35,1.09375,118,93, ,,,401,PUTU-C-4.jpg,4.277,0.122,0.13
367,PUTU,C,yes,,2.2(2),54,,67,1.240740741,109,44, ,,,772,PUTU-C-2-2.jpg,7.595,0.113,0.15
372,PUTU,D,yes,,1.1,28,,43,1.535714286,130,117, ,,,696,PUTU-D-1-1.jpg,4.95,0.115,0.18
373,PUTU,D,no,,2.1,36,,20,0.555555556,132,103,20% SHED AT FIRST; NOW  UP%SHED 20% SHED,,,252,PUTU-D-2-1.jpg,1.831,0.092,0.08
376,PUTU,D,no,,3,70,,40,0.571428571,195,167,up%shed 25% SHED,,,941,PUTU-D-3.jpg,5.709,0.143,0.1
377,PUTU,D,yes,,3.1,54,,86,1.592592593,87,64, ,,,794,PUTU-D-3-1.jpg,6.611,0.077,0.14
378,PUTU,D,yes,,3.2,74,,99,1.337837838,94,83, ,,,1128,PUTU-D-3-2.jpg,8.872,0.09,0.14
379,PUTU,D,yes,,3.5,80,,101,1.2625,96,79, ,,,1142,PUTU-D-3-5.jpg,8.969,0.089,0.12
380,PUTU,D,yes,,3.6,58,,94,1.620689655,106,74, ,,,1011,PUTU-D-3-6.jpg,8.228,0.088,0.14
374,PUTU,D,yes,,2.1.1,92,,125,1.358695652,102,87, ,,,1600,PUTU-D-2-1-1.jpg,12.85,0.103,0.15
375,PUTU,D,yes,,2.1.2,53,,99,1.867924528,82,78, ,,,1091,PUTU-D-2-1-2.jpg,9.383,0.095,0.19
384,PUTU,E,yes,,1.1,55,,63,1.145454545,92,72, ,,,704,PUTU-E-1-1.jpg,7.512,0.119,0.17
385,PUTU,E,yes,,1.2,43,,68,1.581395349,105,74, ,,,1014,PUTU-E-1-2.jpg,11.264,0.166,0.25
386,PUTU,E,yes,,1.3,48,,68,1.416666667,87,61, ,,,931,PUTU-E-1-3.jpg,10.223,0.15,0.21
387,PUTU,E,yes,,1.4,35,,43,1.228571429,126,118,IN 2 PIECES ,,,725,PUTU-E-1-4.jpg,7.093,0.165,0.2
389,PUTU,E,no,,2.1,70,,78,1.114285714,92,88,up%shed ,,,1216,PUTU-E-2-1.jpg,12.829,0.164,0.21
390,PUTU,E,yes,,2.3,45,,66,1.466666667,8977,, ,,,900,PUTU-E-2-3.jpg,10.063,0.152,0.22
391,PUTU,E,yes,,3.1,88,,77,0.875,126,108, ,,,1551,PUTU-E-3-1.jpg,15.286,0.199,0.17
393,PUTU,E,yes,,3.2,100,,105,1.05,111,73, ,,,1864,PUTU-E-3-2.jpg,20.939,0.199,0.21
394,PUTU,E,yes,,3.3,81,,63,0.777777778,148,123, ,,,1461,PUTU-E-3-3.jpg,13.237,0.21,0.18
388,PUTU,E,yes,,1.4.1,23,,41,1.782608696,137,112, ,,,616,PUTU-E-1-4-1.jpg,7.758,0.189,0.34
392,PUTU,E,yes,,3.1.1,28,,38,1.357142857,114,90, ,,,609,PUTU-E-3-1-1.jpg,7.506,0.198,0.27
395,PUTU,E,yes,,3.3.1,50,,68,1.36,123,38, ,,,1093,PUTU-E-3-3-1.jpg,13.258,0.195,0.27
955,PUTU,E,no,tip,3.3.1.TIPS,43,,,,,,TIP+2SIDES ,,,,,,,
1000,PEPU,A,yes,,,1,,1,1,1,1,made up number bc PEPU always counts,,,1,,1,1,1
1000,GRSP,,yes,,,282,,108,,,,from specific counts,,,,,,,
1000,GRSP,,yes,,,292,,131,,,,from specific counts,,,,,,,
1000,GRSP,,yes,,,205,,72,,,,from specific counts,,,,,,,
1000,GRSP,,yes,,,110,,37,,,,from specific counts,,,,,,,
1000,GRSP,,yes,,,170,,77,,,,from specific counts,,,,,,,
1000,GRSP,,yes,,,110,,54,,,,from specific counts,,,,,,,
1000,GRSP,,yes,,,122,,51,,,,from specific counts,,,,,,,
1000,GRSP,,yes,,,86,,26,,,,from specific counts,,,,,,,
1000,HATE,,yes,,,1438,,247,,,,from specific counts,,,,,,,
1000,HATE,,yes,,,1025,,148,,,,from specific counts,,,,,,,
1000,HATE,,yes,,,245,,34,,,,from specific counts,,,,,,,
1000,HATE,,yes,,,715,,91,,,,from specific counts,,,,,,,
1000,HATE,,yes,,,682,,104,,,,from specific counts,,,,,,,
1000,HATE,,yes,,,525,,59,,,,from specific counts,,,,,,,
1000,HATE,,yes,,,556,,76,,,,from specific counts,,,,,,,
1000,HATE,,yes,,,661,,105,,,,from specific counts,,,,,,,
1000,HATE,,yes,,,352,,41,,,,from specific counts,,,,,,,
1000,HATE,,yes,,,702,,115,,,,from specific counts,,,,,,,
1000,HATE,,yes,,,510,,87,,,,from specific counts,,,,,,,
1000,HATE,,yes,,,52,,19,,,,from specific counts,,,,,,,
1000,HATE,,yes,,,607,,127,,,,from specific counts,,,,,,,
1000,HATE,,yes,,,373,,60,,,,from specific counts,,,,,,,
1000,HATE,,yes,,,629,,116,,,,from specific counts,,,,,,,
1000,HATE,,yes,,,580,,122,,,,from specific counts,,,,,,,
1000,HATE,,yes,,,1015,,91,,,,from specific counts,,,,,,,
1000,HATE,,yes,,,835,,119,,,,from specific counts,,,,,,,
1000,HATE,,yes,,,852,,145,,,,from specific counts,,,,,,,
1000,HATE,,yes,,,460,,74,,,,from specific counts,,,,,,,
1000,HATE,,yes,,,530,,70,,,,from specific counts,,,,,,,
1000,HATE,,yes,,,1333,,161,,,,from specific counts,,,,,,,
1000,HATE,,yes,,,745,,132,,,,from specific counts,,,,,,,
1000,EPMI,,yes,,,61,,51,,,,"from fully expanded branch that has fruit, no leaf loss",,,,,,,
1000,EPMI,,yes,,,46,,61,,,,"from fully expanded branch that has fruit, no leaf loss",,,,,,,
1000,EPMI,,yes,,,27,,30,,,,"from fully expanded branch that has fruit, no leaf loss",,,,,,,
1000,EPMI,,yes,,,34,,40,,,,"from fully expanded branch that has fruit, no leaf loss",,,,,,,
1000,EPMI,,yes,,,61,,46,,,,"from fully expanded branch that has fruit, no leaf loss",,,,,,,
1000,EPMI,,yes,,,46,,56,,,,"from fully expanded branch that has fruit, no leaf loss",,,,,,,
1000,EPMI,,yes,,,35,,46,,,,"from fully expanded branch that has fruit, no leaf loss",,,,,,,
1000,EPMI,,yes,,,31,,52,,,,"from fully expanded branch that has fruit, no leaf loss",,,,,,,
